customer_id,name,email,age,load_date
5,Quinn,quinn5@yahoo.com,53,2026-04-03
6,Xena,xena39@gmail.com,71,2026-04-03
7,Zara,zara73@proton.me,,2026-04-03
8,Jaya,jaya17@yahoo.com,54,2026-04-03
9,Olivia,olivia80@hotmail.com,44,2026-04-03
10,Aisha,aisha23@yahoo.com,33,2026-04-03
11,Arjun,arjun50@gmail.com,67,2026-04-03
12,Tanya,tanya19@proton.me,51,2026-04-03
13,Olivia,olivia34@proton.me,45,2026-04-03
14,Farhan,farhan15@yahoo.com,46,2026-04-03
15,Harsh,harsh55@outlook.com,41,2026-04-03
16,Aarav,aarav87@hotmail.com,18,2026-04-03
17,Nikhil,nikhil57@outlook.com,48,2026-04-03
18,Yash,yash27@hotmail.com,64,2026-04-03
19,Mia,mia92@proton.me,35,2026-04-03
20,Priya,priya33@yahoo.com,50,2026-04-03
21,Grace,grace61@hotmail.com,33,2026-04-03
22,Tanya,tanya9@outlook.com,52,2026-04-03
23,Bella,bella24@proton.me,74,2026-04-03
23,Bella,bella24@proton.me,74,2026-04-03
24,Aarav,aarav55@yahoo.com,47,2026-04-03
25,Yash,yash52@outlook.com,62,2026-04-03
26,Uma,uma26@hotmail.com,21,2026-04-03
27,Bella,bella72@gmail.com,32,2026-04-03
28,Rohan,rohan70@yahoo.com,41,2026-04-03
29,Olivia,olivia50@outlook.com,48,2026-04-03
30,Tanya,tanya94yahoo.com,68,2026-04-04
31,Kevin,,22,2026-04-04
32,Jaya,jaya93@gmail.com,49,2026-04-05
33,Jaya,jaya74@outlook.com,65,2026-04-05
34,Carlos,carlos32@outlook.com,54,2026-04-05
35,Aarav,aarav94@gmail.com,23,2026-04-05
36,Carlos,carlos22@yahoo.com,,2026-04-05
37,Wendy,wendy40@gmail.com,44,2026-04-05
38,Uma,uma1proton.me,69,2026-04-06
39,Bella,bella30@proton.me,71,2026-04-06
40,Yash,yash47@proton.me,,2026-04-06
41,Grace,grace88@gmail.com,24,2026-04-06
42,Quinn,quinn18@hotmail.com,66,2026-04-06
43,Farhan,farhan65@proton.me,70,2026-04-06
44,Wendy,wendy41@proton.me,75,2026-04-06
45,Xena,,72,2026-04-06
46,Carlos,carlos13hotmail.com,24,2026-04-06
47,Divya,divya34@hotmail.com,43,2026-04-06
48,Kevin,kevin68@outlook.com,26,2026-04-06
49,Priya,priya66@hotmail.com,65,2026-04-06
50,Nikhil,nikhil25@outlook.com,65,2026-04-06
51,Vikram,vikram8@yahoo.com,52,2026-04-06
52,Uma,uma10@hotmail.com,73,2026-04-06
52,Uma,uma10@hotmail.com,73,2026-04-06
53,Aarav,aarav59@hotmail.com,53,2026-04-06
54,Ananya,ananya9@hotmail.com,56,2026-04-06
55,Yash,yash29@gmail.com,40,2026-04-06
56,Xena,xena52@gmail.com,44,2026-04-06
57,Aisha,aisha16@yahoo.com,,2026-04-07
58,Zara,zara70@outlook.com,52,2026-04-07
59,Nikhil,nikhil82@hotmail.com,62,2026-04-07
60,Olivia,olivia65hotmail.com,57,2026-04-07
61,Bella,bella41@proton.me,70,2026-04-07
62,Rahul,rahul36@yahoo.com,24,2026-04-07
63,Sara,sara26@yahoo.com,53,2026-04-07
64,Bella,bella14@outlook.com,21,2026-04-07
65,Farhan,farhan53@gmail.com,21,2026-04-07
66,Wendy,wendy46@yahoo.com,71,2026-04-07
67,Aarav,aarav16@gmail.com,20,2026-04-07
68,Arjun,arjun21@hotmail.com,28,2026-04-07
69,Farhan,farhan19@yahoo.com,30,2026-04-07
70,Harsh,harsh96@yahoo.com,58,2026-04-07
70,Harsh,harsh96@yahoo.com,58,2026-04-07
71,Rahul,,39,2026-04-07
72,Aarav,aarav86@outlook.com,70,2026-04-07
73,Rohan,rohan22@hotmail.com,46,2026-04-07
74,Bella,bella35@yahoo.com,29,2026-04-08
75,Tanya,tanya4@hotmail.com,41,2026-04-08
76,Jaya,jaya6@gmail.com,20,2026-04-08
77,Kevin,kevin49@proton.me,39,2026-04-08
78,Bella,bella57@proton.me,57,2026-04-08
79,Olivia,olivia59@gmail.com,30,2026-04-08
80,Ishaan,ishaan80@hotmail.com,36,2026-04-08
81,Priya,priya78@proton.me,23,2026-04-08
82,Ananya,ananya60@gmail.com,39,2026-04-08
83,Kevin,kevin40hotmail.com,55,2026-04-08
84,Arjun,arjun19@outlook.com,22,2026-04-08
85,Aarav,,44,2026-04-08
86,Aarav,aarav37@outlook.com,43,2026-04-08
87,Harsh,harsh82@yahoo.com,30,2026-04-08
88,Leila,leila11@outlook.com,50,2026-04-08
89,Quinn,quinn75@yahoo.com,44,2026-04-08
90,Arjun,arjun55@gmail.com,52,2026-04-09
91,Grace,grace93@gmail.com,46,2026-04-09
92,Nikhil,nikhil93@hotmail.com,26,2026-04-09
93,Wendy,wendy52@outlook.com,33,2026-04-09
94,Wendy,wendy68@outlook.com,22,2026-04-09
95,Jaya,,42,2026-04-09
96,Grace,grace3outlook.com,21,2026-04-09
97,Wendy,wendy84@gmail.com,27,2026-04-09
98,Nikhil,nikhil11@hotmail.com,70,2026-04-09
99,Harsh,harsh39@proton.me,23,2026-04-09
100,Nikhil,nikhil56@yahoo.com,68,2026-04-09
101,Harsh,harsh86@outlook.com,35,2026-04-10
102,Wendy,wendy20@yahoo.com,57,2026-04-10
102,Wendy,wendy20@yahoo.com,57,2026-04-10
103,Farhan,,39,2026-04-10
104,Yash,yash85@gmail.com,21,2026-04-10
105,Jaya,jaya25@hotmail.com,59,2026-04-10
106,Kevin,kevin77@hotmail.com,21,2026-04-10
107,Nikhil,nikhil4@outlook.com,20,2026-04-10
108,Nikhil,nikhil3@gmail.com,20,2026-04-10
109,Vikram,vikram35@outlook.com,62,2026-04-10
110,Wendy,wendy64@yahoo.com,,2026-04-10
111,Harsh,harsh29@yahoo.com,32,2026-04-10
112,Leila,leila63@hotmail.com,20,2026-04-10
113,Uma,uma11@outlook.com,34,2026-04-10
114,Ishaan,ishaan64@hotmail.com,19,2026-04-10
115,Mia,mia30@yahoo.com,20,2026-04-10
116,Grace,grace71@hotmail.com,63,2026-04-10
116,Grace,grace71@hotmail.com,63,2026-04-10
117,Carlos,carlos49@proton.me,25,2026-04-11
118,Yash,yash67@outlook.com,46,2026-04-11
119,Wendy,wendy16@outlook.com,,2026-04-11
120,Aarav,,30,2026-04-11
121,Vikram,vikram85@outlook.com,56,2026-04-11
122,Carlos,carlos57outlook.com,63,2026-04-11
123,Carlos,carlos52@yahoo.com,24,2026-04-11
124,Farhan,farhan25@proton.me,24,2026-04-12
125,Jaya,jaya92@yahoo.com,48,2026-04-12
126,Rohan,rohan51@outlook.com,70,2026-04-12
127,Carlos,carlos7@gmail.com,27,2026-04-12
128,Farhan,farhan16@gmail.com,39,2026-04-12
129,Nikhil,nikhil60@yahoo.com,53,2026-04-12
130,Aisha,aisha33@hotmail.com,71,2026-04-13
131,Farhan,farhan36@outlook.com,48,2026-04-13
132,Divya,divya61@hotmail.com,72,2026-04-13
133,Ishaan,ishaan51@hotmail.com,40,2026-04-13
134,Emma,,30,2026-04-13
135,Aarav,aarav61@hotmail.com,54,2026-04-13
136,Sara,sara22@proton.me,18,2026-04-13
137,Kevin,kevin47@yahoo.com,19,2026-04-13
138,Divya,divya11@yahoo.com,72,2026-04-13
139,Aisha,aisha44@proton.me,32,2026-04-13
140,Arjun,arjun2@outlook.com,44,2026-04-13
141,Wendy,wendy1@hotmail.com,34,2026-04-13
142,Yash,yash96@proton.me,70,2026-04-13
143,Ishaan,,70,2026-04-13
144,Olivia,olivia41@yahoo.com,27,2026-04-13
145,Mia,mia84@yahoo.com,48,2026-04-14
146,Vikram,,45,2026-04-14
147,Priya,priya57@outlook.com,75,2026-04-14
148,Sara,sara5@outlook.com,,2026-04-14
149,Tanya,tanya60@outlook.com,22,2026-04-14
150,Ishaan,ishaan25@yahoo.com,66,2026-04-14
151,Emma,emma58@outlook.com,68,2026-04-14
152,Tanya,tanya4@proton.me,30,2026-04-14
153,Arjun,arjun3@outlook.com,37,2026-04-14
154,Grace,grace49hotmail.com,29,2026-04-14
155,Carlos,carlos70@proton.me,32,2026-04-14
156,Leila,leila78@proton.me,44,2026-04-14
157,Wendy,wendy58@proton.me,45,2026-04-14
158,Carlos,carlos89hotmail.com,40,2026-04-14
159,Ishaan,,61,2026-04-14
160,Rahul,rahul61@hotmail.com,66,2026-04-14
160,Rahul,rahul61@hotmail.com,66,2026-04-14
161,Carlos,carlos99@proton.me,42,2026-04-15
162,Aisha,aisha4@gmail.com,61,2026-04-15
163,Vikram,vikram77@outlook.com,65,2026-04-15
164,Rahul,rahul28@yahoo.com,57,2026-04-15
165,Olivia,olivia35@hotmail.com,55,2026-04-15
166,Rahul,rahul98@hotmail.com,38,2026-04-15
167,Emma,emma73@hotmail.com,25,2026-04-15
168,Olivia,olivia45@proton.me,68,2026-04-15
169,Aisha,,29,2026-04-15
170,Bella,bella42@hotmail.com,42,2026-04-15
171,Nikhil,nikhil33@hotmail.com,54,2026-04-15
172,Nikhil,nikhil3@yahoo.com,59,2026-04-15
173,Uma,uma27@proton.me,56,2026-04-15
174,Rohan,rohan54@outlook.com,35,2026-04-15
175,Aarav,aarav35@hotmail.com,22,2026-04-15
176,Vikram,vikram2@hotmail.com,,2026-04-16
177,Kevin,kevin82@yahoo.com,70,2026-04-16
178,Uma,uma76@proton.me,46,2026-04-16
179,Wendy,wendy43@yahoo.com,38,2026-04-16
180,Zara,zara75@proton.me,42,2026-04-16
181,Xena,xena39@gmail.com,67,2026-04-16
182,Aarav,aarav6@yahoo.com,69,2026-04-16
183,Vikram,vikram15@proton.me,35,2026-04-16
184,Grace,grace80@outlook.com,70,2026-04-16
185,Ishaan,ishaan9@proton.me,75,2026-04-16
186,Sara,sara19@outlook.com,27,2026-04-16
187,Farhan,farhan40@outlook.com,54,2026-04-17
188,Aarav,aarav5@yahoo.com,28,2026-04-17
189,Rahul,rahul2@proton.me,59,2026-04-17
190,Farhan,farhan10@proton.me,,2026-04-17
191,Wendy,wendy69@gmail.com,55,2026-04-17
192,Rohan,rohan92@gmail.com,20,2026-04-17
193,Ananya,ananya78@hotmail.com,71,2026-04-17
194,Xena,xena70@yahoo.com,34,2026-04-17
195,Farhan,farhan79@yahoo.com,69,2026-04-17
196,Arjun,,26,2026-04-17
197,Tanya,tanya71@gmail.com,73,2026-04-17
197,Tanya,tanya71@gmail.com,73,2026-04-17
198,Aarav,aarav68@hotmail.com,49,2026-04-17
199,Nikhil,nikhil15outlook.com,63,2026-04-17
200,Ananya,ananya23@hotmail.com,31,2026-04-17
201,Kevin,kevin76@hotmail.com,38,2026-04-17
202,Aarav,aarav4@outlook.com,34,2026-04-17
203,Harsh,harsh20@yahoo.com,28,2026-04-17
204,Sara,sara25@hotmail.com,,2026-04-17
205,Leila,leila94@proton.me,45,2026-04-17
206,Ishaan,ishaan48@hotmail.com,33,2026-04-17
207,Rohan,rohan22@gmail.com,69,2026-04-18
208,Arjun,arjun65@outlook.com,,2026-04-18
209,Ananya,ananya81@hotmail.com,54,2026-04-18
210,Priya,,37,2026-04-18
211,Ananya,ananya55@outlook.com,,2026-04-18
211,Ananya,ananya55@outlook.com,,2026-04-18
212,Ishaan,ishaan26@gmail.com,42,2026-04-18
213,Grace,grace50@proton.me,18,2026-04-18
214,Rahul,rahul57@proton.me,40,2026-04-18
215,Yash,yash75@yahoo.com,25,2026-04-19
216,Aarav,aarav83@proton.me,48,2026-04-19
217,Kevin,kevin61proton.me,68,2026-04-19
218,Rahul,rahul62@yahoo.com,38,2026-04-19
219,Olivia,olivia47@hotmail.com,29,2026-04-19
220,Aarav,aarav7@yahoo.com,37,2026-04-20
221,Tanya,tanya11@hotmail.com,58,2026-04-20
222,Xena,xena30@yahoo.com,34,2026-04-20
222,Xena,xena30@yahoo.com,34,2026-04-20
223,Wendy,wendy91@proton.me,27,2026-04-20
224,Carlos,carlos9@hotmail.com,48,2026-04-20
225,Bella,bella27@proton.me,36,2026-04-20
226,Yash,yash93@outlook.com,64,2026-04-20
226,Yash,yash93@outlook.com,64,2026-04-20
227,Uma,uma27@hotmail.com,22,2026-04-20
228,Divya,divya93@hotmail.com,27,2026-04-20
229,Arjun,arjun55@yahoo.com,29,2026-04-20
230,Olivia,olivia69@hotmail.com,41,2026-04-21
231,Arjun,,67,2026-04-21
232,Ananya,ananya93@proton.me,29,2026-04-21
233,Vikram,vikram91@hotmail.com,46,2026-04-21
234,Kevin,kevin14@gmail.com,64,2026-04-21
234,Kevin,kevin14@gmail.com,64,2026-04-21
235,Divya,divya8@outlook.com,72,2026-04-21
236,Kevin,kevin48@yahoo.com,49,2026-04-21
237,Divya,divya17@yahoo.com,54,2026-04-21
238,Divya,divya99@outlook.com,56,2026-04-21
239,Yash,yash6@proton.me,,2026-04-21
240,Ishaan,ishaan80@hotmail.com,73,2026-04-21
241,Jaya,jaya44@outlook.com,75,2026-04-21
242,Nikhil,nikhil21@proton.me,50,2026-04-22
243,Priya,priya65@gmail.com,61,2026-04-22
244,Emma,emma72hotmail.com,51,2026-04-22
245,Olivia,olivia22@gmail.com,61,2026-04-22
246,Sara,sara78@proton.me,62,2026-04-22
247,Xena,xena66@outlook.com,70,2026-04-22
248,Arjun,arjun46@gmail.com,71,2026-04-22
249,Aisha,aisha15@hotmail.com,52,2026-04-22
250,Wendy,wendy4@proton.me,31,2026-04-22
251,Priya,priya72@gmail.com,66,2026-04-22
252,Uma,uma11@hotmail.com,34,2026-04-22
253,Zara,zara82@outlook.com,61,2026-04-22
254,Divya,divya24@proton.me,27,2026-04-22
254,Divya,divya24@proton.me,27,2026-04-22
255,Carlos,carlos30@yahoo.com,42,2026-04-22
256,Kevin,kevin1@proton.me,34,2026-04-23
257,Aarav,aarav85@outlook.com,45,2026-04-23
258,Arjun,arjun1@yahoo.com,20,2026-04-23
259,Jaya,jaya36hotmail.com,34,2026-04-23
260,Carlos,carlos91@proton.me,65,2026-04-23
261,Bella,bella73@outlook.com,49,2026-04-23
262,Grace,grace36yahoo.com,58,2026-04-23
263,Rahul,rahul4@outlook.com,29,2026-04-23
264,Priya,priya1yahoo.com,22,2026-04-23
265,Farhan,farhan11@yahoo.com,51,2026-04-24
266,Jaya,jaya38@outlook.com,57,2026-04-24
267,Rohan,rohan17outlook.com,52,2026-04-24
268,Xena,xena76@gmail.com,48,2026-04-24
269,Zara,,68,2026-04-24
270,Sara,sara15@yahoo.com,35,2026-04-24
271,Olivia,olivia73@outlook.com,49,2026-04-24
271,Olivia,olivia73@outlook.com,49,2026-04-24
272,Xena,xena74@outlook.com,75,2026-04-24
273,Priya,priya18@yahoo.com,27,2026-04-24
274,Emma,emma14@outlook.com,38,2026-04-24
275,Ananya,ananya59@outlook.com,69,2026-04-24
276,Sara,sara60@gmail.com,71,2026-04-24
277,Bella,bella43@outlook.com,56,2026-04-24
278,Divya,divya8@hotmail.com,27,2026-04-24
279,Jaya,jaya92yahoo.com,41,2026-04-24
279,Jaya,jaya92yahoo.com,41,2026-04-24
280,Rahul,rahul77@hotmail.com,69,2026-04-24
281,Divya,divya35@gmail.com,57,2026-04-25
282,Rohan,rohan94gmail.com,53,2026-04-25
283,Quinn,quinn23@gmail.com,28,2026-04-26
284,Uma,uma53@gmail.com,60,2026-04-26
284,Uma,uma53@gmail.com,60,2026-04-26
285,Yash,yash20@outlook.com,70,2026-04-26
286,Ananya,ananya86@hotmail.com,47,2026-04-26
287,Vikram,vikram48@gmail.com,29,2026-04-26
288,Divya,divya66@yahoo.com,74,2026-04-26
289,Farhan,,51,2026-04-26
290,Divya,divya69@hotmail.com,55,2026-04-26
291,Carlos,carlos60@hotmail.com,60,2026-04-27
292,Carlos,carlos57@proton.me,32,2026-04-27
293,Sara,sara91@hotmail.com,33,2026-04-27
294,Uma,uma74@yahoo.com,71,2026-04-27
295,Aarav,aarav87@hotmail.com,21,2026-04-27
296,Tanya,tanya23hotmail.com,48,2026-04-27
297,Bella,bella39@hotmail.com,68,2026-04-27
297,Bella,bella39@hotmail.com,68,2026-04-27
298,Zara,zara65@yahoo.com,27,2026-04-27
299,Bella,bella13@hotmail.com,70,2026-04-27
300,Harsh,harsh41@hotmail.com,46,2026-04-27
301,Rohan,rohan66@yahoo.com,29,2026-04-28
302,Nikhil,nikhil2@yahoo.com,65,2026-04-28
303,Sara,sara5@gmail.com,21,2026-04-28
304,Priya,priya71@outlook.com,24,2026-04-28
305,Bella,bella84yahoo.com,48,2026-04-28
306,Arjun,arjun45@yahoo.com,33,2026-04-28
307,Bella,bella97outlook.com,46,2026-04-28
308,Xena,xena76outlook.com,32,2026-04-28
309,Kevin,kevin85@proton.me,45,2026-04-28
310,Zara,zara80@proton.me,73,2026-04-28
311,Rohan,,20,2026-04-28
312,Wendy,wendy23@outlook.com,19,2026-04-29
313,Ishaan,ishaan44@proton.me,73,2026-04-29
314,Aisha,aisha83@hotmail.com,40,2026-04-29
315,Harsh,harsh64@gmail.com,24,2026-04-29
316,Grace,grace87@gmail.com,45,2026-04-29
317,Farhan,farhan40@outlook.com,37,2026-04-29
318,Tanya,tanya75@outlook.com,34,2026-04-29
319,Nikhil,nikhil98@gmail.com,66,2026-04-29
320,Vikram,vikram95@yahoo.com,52,2026-04-29
321,Kevin,kevin66@gmail.com,55,2026-04-29
322,Farhan,farhan4@yahoo.com,69,2026-04-29
323,Tanya,tanya61@hotmail.com,65,2026-04-29
324,Emma,emma7@yahoo.com,45,2026-04-29
325,Tanya,tanya32@outlook.com,66,2026-04-30
325,Tanya,tanya32@outlook.com,66,2026-04-30
326,Ananya,ananya22@proton.me,74,2026-04-30
327,Sara,sara55@proton.me,34,2026-04-30
328,Emma,emma41@proton.me,72,2026-04-30
329,Tanya,tanya73@outlook.com,44,2026-04-30
330,Wendy,wendy25@proton.me,52,2026-04-30
330,Wendy,wendy25@proton.me,52,2026-04-30
331,Aisha,aisha32@outlook.com,59,2026-04-30
332,Yash,yash55@proton.me,37,2026-04-30
333,Wendy,wendy49@hotmail.com,36,2026-04-30
334,Carlos,carlos26@gmail.com,72,2026-04-30
335,Priya,,53,2026-04-30
336,Carlos,carlos44@proton.me,,2026-04-30
337,Bella,bella51@hotmail.com,43,2026-04-30
338,Rahul,rahul8@gmail.com,34,2026-04-30
339,Rahul,rahul80@proton.me,34,2026-04-30
340,Rohan,rohan85@outlook.com,36,2026-04-30
341,Ananya,ananya52@hotmail.com,65,2026-04-30
342,Xena,xena62@proton.me,73,2026-05-01
343,Arjun,arjun20@hotmail.com,45,2026-05-01
344,Tanya,tanya74@hotmail.com,69,2026-05-01
345,Uma,,36,2026-05-01
346,Jaya,,43,2026-05-01
347,Jaya,jaya13@hotmail.com,50,2026-05-01
348,Ananya,ananya93@outlook.com,33,2026-05-01
349,Rahul,rahul74@hotmail.com,19,2026-05-01
350,Arjun,arjun11@outlook.com,50,2026-05-02
350,Arjun,arjun11@outlook.com,50,2026-05-02
351,Tanya,tanya24@yahoo.com,49,2026-05-02
352,Jaya,jaya95@yahoo.com,44,2026-05-02
353,Tanya,tanya44@proton.me,57,2026-05-02
354,Kevin,kevin7@gmail.com,32,2026-05-02
355,Rohan,rohan20hotmail.com,58,2026-05-03
356,Emma,emma31@yahoo.com,35,2026-05-03
357,Tanya,tanya40@outlook.com,68,2026-05-03
358,Rahul,rahul44@hotmail.com,64,2026-05-03
359,Vikram,vikram70@proton.me,75,2026-05-03
360,Vikram,vikram13@hotmail.com,71,2026-05-04
361,Kevin,kevin11proton.me,63,2026-05-04
362,Kevin,kevin38@outlook.com,34,2026-05-04
363,Aarav,aarav49@yahoo.com,33,2026-05-04
364,Ananya,ananya22@gmail.com,35,2026-05-04
365,Wendy,wendy72@outlook.com,43,2026-05-04
366,Grace,grace36@gmail.com,42,2026-05-04
367,Jaya,jaya14@outlook.com,24,2026-05-04
368,Xena,xena10@hotmail.com,55,2026-05-04
369,Quinn,quinn34@outlook.com,40,2026-05-04
369,Quinn,quinn34@outlook.com,40,2026-05-04
370,Quinn,quinn82@outlook.com,46,2026-05-04
371,Kevin,kevin46@outlook.com,57,2026-05-04
372,Harsh,harsh47@hotmail.com,66,2026-05-04
373,Aarav,aarav81@outlook.com,28,2026-05-05
374,Carlos,carlos14@gmail.com,43,2026-05-05
375,Uma,uma85@yahoo.com,33,2026-05-05
376,Jaya,jaya98@proton.me,21,2026-05-05
376,Jaya,jaya98@proton.me,21,2026-05-05
377,Grace,grace67@proton.me,45,2026-05-05
378,Ananya,ananya20@proton.me,30,2026-05-05
379,Harsh,harsh93@hotmail.com,,2026-05-05
380,Wendy,wendy2@gmail.com,44,2026-05-05
381,Bella,bella18@gmail.com,47,2026-05-05
382,Rahul,rahul54@yahoo.com,22,2026-05-05
383,Wendy,wendy66@hotmail.com,44,2026-05-05
384,Tanya,tanya32@hotmail.com,60,2026-05-05
385,Priya,priya16@hotmail.com,28,2026-05-06
386,Grace,grace36@outlook.com,35,2026-05-06
387,Arjun,arjun56@gmail.com,53,2026-05-06
388,Sara,sara30@yahoo.com,41,2026-05-06
389,Rohan,rohan36proton.me,19,2026-05-06
389,Rohan,rohan36proton.me,19,2026-05-06
390,Yash,,55,2026-05-06
391,Uma,uma1@gmail.com,44,2026-05-06
392,Xena,xena14@yahoo.com,73,2026-05-06
393,Zara,zara39@hotmail.com,35,2026-05-06
394,Vikram,vikram18@outlook.com,23,2026-05-06
395,Carlos,carlos50@gmail.com,31,2026-05-06
396,Arjun,arjun50@yahoo.com,37,2026-05-07
397,Wendy,wendy78@outlook.com,42,2026-05-07
398,Divya,,50,2026-05-07
399,Tanya,tanya85@yahoo.com,63,2026-05-07
400,Grace,grace97@hotmail.com,69,2026-05-07
401,Xena,xena23@outlook.com,53,2026-05-07
402,Arjun,,30,2026-05-07
403,Kevin,,44,2026-05-07
404,Ishaan,ishaan50@hotmail.com,35,2026-05-07
405,Nikhil,nikhil20@proton.me,18,2026-05-07
406,Rohan,rohan38@yahoo.com,74,2026-05-07
407,Rahul,rahul63@hotmail.com,,2026-05-07
407,Rahul,rahul63@hotmail.com,,2026-05-07
408,Emma,emma59@proton.me,29,2026-05-07
409,Xena,xena5@hotmail.com,75,2026-05-07
410,Rohan,rohan77@hotmail.com,70,2026-05-07
411,Wendy,wendy49gmail.com,22,2026-05-07
412,Aisha,aisha94hotmail.com,52,2026-05-07
413,Vikram,vikram95@outlook.com,61,2026-05-07
414,Sara,sara99@hotmail.com,74,2026-05-07
415,Grace,grace47@gmail.com,59,2026-05-07
416,Jaya,jaya83@hotmail.com,46,2026-05-08
417,Rahul,rahul39@proton.me,27,2026-05-08
418,Ananya,ananya2proton.me,64,2026-05-08
419,Ananya,ananya71@outlook.com,71,2026-05-08
420,Bella,bella27@gmail.com,42,2026-05-08
421,Grace,grace84@proton.me,46,2026-05-08
422,Kevin,kevin3@gmail.com,72,2026-05-08
423,Sara,,66,2026-05-08
424,Grace,grace69@yahoo.com,57,2026-05-08
425,Kevin,kevin77hotmail.com,62,2026-05-08
426,Leila,leila78@outlook.com,37,2026-05-08
427,Mia,mia87@hotmail.com,59,2026-05-08
428,Olivia,olivia90@hotmail.com,66,2026-05-08
429,Sara,sara79@hotmail.com,55,2026-05-08
430,Mia,mia27@gmail.com,28,2026-05-08
431,Aarav,aarav67@hotmail.com,63,2026-05-08
431,Aarav,aarav67@hotmail.com,63,2026-05-08
432,Ananya,ananya84@gmail.com,27,2026-05-08
432,Ananya,ananya84@gmail.com,27,2026-05-08
433,Tanya,tanya56@outlook.com,72,2026-05-08
434,Ishaan,ishaan73@hotmail.com,38,2026-05-08
435,Mia,mia33@proton.me,52,2026-05-09
436,Vikram,vikram53@outlook.com,47,2026-05-09
437,Olivia,olivia89@yahoo.com,42,2026-05-09
438,Uma,uma58@hotmail.com,66,2026-05-09
439,Arjun,arjun7@yahoo.com,69,2026-05-09
440,Rohan,rohan59outlook.com,59,2026-05-10
441,Wendy,wendy28@hotmail.com,26,2026-05-10
442,Ishaan,ishaan68@hotmail.com,50,2026-05-11
443,Nikhil,nikhil22@hotmail.com,,2026-05-11
444,Rohan,rohan40@yahoo.com,64,2026-05-11
445,Carlos,carlos26@outlook.com,45,2026-05-11
446,Uma,uma79@gmail.com,41,2026-05-11
447,Arjun,arjun89@hotmail.com,23,2026-05-11
448,Sara,sara3@yahoo.com,67,2026-05-11
449,Rohan,rohan8@gmail.com,43,2026-05-11
450,Mia,mia31@proton.me,27,2026-05-12
451,Zara,zara28@proton.me,63,2026-05-12
452,Ananya,ananya70@yahoo.com,55,2026-05-12
453,Grace,grace80@hotmail.com,75,2026-05-12
454,Zara,zara72outlook.com,68,2026-05-12
455,Nikhil,nikhil66@gmail.com,55,2026-05-12
456,Uma,uma57@outlook.com,72,2026-05-12
457,Quinn,quinn95@outlook.com,74,2026-05-12
458,Mia,mia85@hotmail.com,20,2026-05-12
459,Emma,emma77@yahoo.com,19,2026-05-12
460,Ananya,ananya11@proton.me,48,2026-05-12
461,Emma,emma7@yahoo.com,23,2026-05-12
462,Xena,xena69@proton.me,66,2026-05-12
463,Bella,,70,2026-05-12
464,Harsh,harsh60@hotmail.com,47,2026-05-12
465,Vikram,vikram38@outlook.com,31,2026-05-12
466,Xena,xena98@proton.me,60,2026-05-12
467,Quinn,quinn70@hotmail.com,48,2026-05-13
468,Olivia,olivia31@hotmail.com,40,2026-05-13
469,Tanya,tanya5@proton.me,45,2026-05-13
470,Quinn,quinn88@yahoo.com,27,2026-05-13
471,Rohan,rohan42@hotmail.com,28,2026-05-13
472,Wendy,wendy46@gmail.com,48,2026-05-13
473,Rahul,rahul51@proton.me,27,2026-05-13
474,Rohan,rohan13gmail.com,67,2026-05-13
475,Quinn,quinn14@proton.me,39,2026-05-13
475,Quinn,quinn14@proton.me,39,2026-05-13
476,Divya,divya41@outlook.com,31,2026-05-13
477,Nikhil,nikhil37@outlook.com,27,2026-05-13
478,Jaya,jaya23@proton.me,61,2026-05-13
478,Jaya,jaya23@proton.me,61,2026-05-13
479,Ishaan,ishaan53@proton.me,52,2026-05-13
480,Harsh,harsh7@proton.me,49,2026-05-13
481,Rahul,rahul97@proton.me,58,2026-05-13
481,Rahul,rahul97@proton.me,58,2026-05-13
482,Yash,yash22@outlook.com,70,2026-05-13
483,Divya,divya69@yahoo.com,67,2026-05-14
484,Quinn,quinn76outlook.com,19,2026-05-14
485,Jaya,jaya83@gmail.com,61,2026-05-14
486,Nikhil,nikhil54@gmail.com,60,2026-05-14
487,Harsh,harsh87@hotmail.com,69,2026-05-14
488,Carlos,carlos90@yahoo.com,40,2026-05-14
489,Grace,grace66@hotmail.com,74,2026-05-14
490,Carlos,carlos88@proton.me,43,2026-05-14
491,Carlos,carlos74@hotmail.com,61,2026-05-14
492,Aisha,aisha34@hotmail.com,28,2026-05-14
493,Carlos,carlos57@gmail.com,58,2026-05-14
494,Zara,zara92@proton.me,23,2026-05-14
495,Leila,leila96@gmail.com,28,2026-05-14
496,Emma,emma55@outlook.com,26,2026-05-14
497,Priya,priya10@proton.me,41,2026-05-14
498,Aisha,aisha42@yahoo.com,26,2026-05-14
499,Wendy,wendy93@proton.me,27,2026-05-14
500,Kevin,kevin8@gmail.com,45,2026-05-14
501,Nikhil,nikhil85@outlook.com,38,2026-05-14
502,Tanya,tanya40@outlook.com,51,2026-05-15
503,Harsh,harsh65@hotmail.com,62,2026-05-15
504,Xena,xena65@hotmail.com,24,2026-05-15
505,Emma,emma60@proton.me,52,2026-05-15
506,Rohan,rohan62@yahoo.com,29,2026-05-15
507,Olivia,olivia13outlook.com,30,2026-05-15
508,Rohan,,49,2026-05-15
509,Uma,uma2@outlook.com,61,2026-05-15
510,Quinn,quinn53@outlook.com,47,2026-05-15
510,Quinn,quinn53@outlook.com,47,2026-05-15
511,Uma,uma71@proton.me,52,2026-05-15
512,Mia,mia29@gmail.com,21,2026-05-15
513,Kevin,kevin89@yahoo.com,29,2026-05-15
514,Harsh,harsh63@outlook.com,46,2026-05-15
515,Xena,xena54@gmail.com,55,2026-05-15
516,Vikram,vikram34@yahoo.com,27,2026-05-15
517,Jaya,jaya35@hotmail.com,28,2026-05-15
518,Nikhil,nikhil45proton.me,36,2026-05-15
519,Farhan,farhan34proton.me,38,2026-05-16
520,Nikhil,nikhil9@outlook.com,45,2026-05-16
521,Aisha,aisha2@proton.me,24,2026-05-17
522,Rahul,rahul56@gmail.com,66,2026-05-17
523,Priya,priya18@proton.me,29,2026-05-17
524,Rohan,rohan68@proton.me,31,2026-05-17
525,Quinn,quinn14@yahoo.com,23,2026-05-17
526,Tanya,tanya55@hotmail.com,36,2026-05-17
527,Tanya,tanya18@hotmail.com,26,2026-05-18
528,Rohan,rohan40proton.me,75,2026-05-18
529,Yash,yash66@proton.me,61,2026-05-18
530,Farhan,farhan84@gmail.com,53,2026-05-18
531,Aarav,aarav58@outlook.com,61,2026-05-18
532,Uma,uma52@proton.me,41,2026-05-18
533,Nikhil,,66,2026-05-18
534,Priya,priya73@outlook.com,64,2026-05-18
535,Divya,divya51@yahoo.com,59,2026-05-18
536,Kevin,kevin83@proton.me,39,2026-05-18
537,Ishaan,ishaan16@gmail.com,30,2026-05-18
538,Tanya,tanya90@proton.me,35,2026-05-18
539,Ananya,ananya52@outlook.com,64,2026-05-18
540,Carlos,carlos94@gmail.com,31,2026-05-19
541,Aarav,aarav46@proton.me,44,2026-05-19
542,Xena,xena70@hotmail.com,46,2026-05-19
543,Divya,divya81outlook.com,52,2026-05-19
544,Grace,grace72@yahoo.com,22,2026-05-19
545,Jaya,jaya28@proton.me,61,2026-05-19
546,Grace,grace20@hotmail.com,,2026-05-19
547,Quinn,quinn27@outlook.com,66,2026-05-19
548,Tanya,tanya66@hotmail.com,32,2026-05-19
549,Emma,emma21@yahoo.com,21,2026-05-19
550,Bella,bella54@proton.me,75,2026-05-19
551,Aarav,aarav49@proton.me,46,2026-05-19
552,Rohan,rohan80@outlook.com,63,2026-05-19
553,Rohan,rohan78@outlook.com,25,2026-05-19
554,Rohan,rohan73@outlook.com,44,2026-05-19
555,Quinn,,18,2026-05-20
556,Kevin,kevin42@yahoo.com,61,2026-05-20
557,Ishaan,ishaan99@gmail.com,30,2026-05-20
558,Harsh,harsh43@hotmail.com,28,2026-05-20
559,Ishaan,ishaan60@outlook.com,34,2026-05-20
560,Zara,zara74@gmail.com,67,2026-05-20
561,Wendy,,59,2026-05-20
562,Ananya,ananya38hotmail.com,65,2026-05-20
562,Ananya,ananya38hotmail.com,65,2026-05-20
563,Kevin,kevin26@proton.me,54,2026-05-20
564,Aarav,aarav2@yahoo.com,27,2026-05-20
565,Yash,yash98@gmail.com,64,2026-05-20
566,Wendy,wendy29@yahoo.com,37,2026-05-20
566,Wendy,wendy29@yahoo.com,37,2026-05-20
567,Grace,grace54@gmail.com,43,2026-05-20
568,Jaya,jaya66@outlook.com,27,2026-05-20
569,Wendy,,63,2026-05-20
570,Aarav,aarav97@proton.me,19,2026-05-20
571,Arjun,arjun37gmail.com,64,2026-05-20
572,Grace,grace70@proton.me,53,2026-05-20
573,Yash,yash94@yahoo.com,40,2026-05-20
574,Rohan,rohan25@gmail.com,47,2026-05-21
575,Harsh,harsh32@outlook.com,59,2026-05-21
576,Carlos,carlos50@outlook.com,38,2026-05-21
577,Aisha,aisha69@gmail.com,43,2026-05-21
578,Aisha,aisha87@yahoo.com,35,2026-05-21
579,Sara,sara62@proton.me,20,2026-05-21
580,Sara,sara78@yahoo.com,46,2026-05-21
581,Aarav,aarav10@yahoo.com,19,2026-05-21
582,Nikhil,nikhil91@gmail.com,56,2026-05-21
583,Divya,divya57@proton.me,63,2026-05-21
584,Tanya,tanya60@gmail.com,54,2026-05-21
584,Tanya,tanya60@gmail.com,54,2026-05-21
585,Xena,xena73@hotmail.com,30,2026-05-22
586,Olivia,,56,2026-05-22
587,Xena,xena72@outlook.com,60,2026-05-22
588,Divya,divya19@proton.me,,2026-05-22
589,Arjun,,36,2026-05-22
590,Emma,emma73@yahoo.com,62,2026-05-22
591,Vikram,vikram66@proton.me,35,2026-05-22
592,Xena,xena25@outlook.com,36,2026-05-22
593,Xena,xena4proton.me,48,2026-05-22
594,Aarav,aarav63@outlook.com,54,2026-05-22
595,Grace,grace9@yahoo.com,65,2026-05-22
596,Ishaan,ishaan27@hotmail.com,21,2026-05-23
597,Bella,bella43@hotmail.com,42,2026-05-23
598,Bella,bella32@outlook.com,43,2026-05-23
599,Grace,grace93@proton.me,23,2026-05-23
600,Uma,uma71yahoo.com,44,2026-05-23
601,Tanya,tanya90@yahoo.com,29,2026-05-23
602,Tanya,tanya92@yahoo.com,21,2026-05-24
603,Carlos,carlos75@gmail.com,57,2026-05-24
604,Emma,emma61@gmail.com,63,2026-05-24
605,Zara,zara57@yahoo.com,25,2026-05-24
606,Bella,bella75@hotmail.com,43,2026-05-24
607,Jaya,jaya14@gmail.com,42,2026-05-24
608,Arjun,arjun92@yahoo.com,73,2026-05-24
609,Farhan,,49,2026-05-24
609,Farhan,,49,2026-05-24
610,Vikram,vikram4@hotmail.com,30,2026-05-25
611,Emma,emma44@hotmail.com,74,2026-05-25
612,Olivia,olivia6@yahoo.com,64,2026-05-25
613,Emma,emma35@yahoo.com,26,2026-05-25
614,Quinn,quinn28@outlook.com,24,2026-05-25
615,Tanya,tanya91@outlook.com,22,2026-05-25
616,Farhan,farhan74@hotmail.com,63,2026-05-25
617,Farhan,farhan57@proton.me,63,2026-05-25
618,Quinn,quinn17@gmail.com,51,2026-05-25
619,Xena,xena37@yahoo.com,68,2026-05-25
620,Yash,yash48@yahoo.com,30,2026-05-25
621,Divya,divya42@gmail.com,45,2026-05-25
622,Aisha,,23,2026-05-25
623,Olivia,olivia13@gmail.com,52,2026-05-25
624,Vikram,vikram79@yahoo.com,53,2026-05-25
625,Mia,mia72@hotmail.com,23,2026-05-25
626,Bella,bella11@outlook.com,57,2026-05-25
627,Xena,xena62@gmail.com,67,2026-05-25
628,Rohan,rohan76@gmail.com,30,2026-05-26
629,Harsh,harsh2@outlook.com,56,2026-05-26
630,Wendy,wendy81@hotmail.com,54,2026-05-26
631,Sara,sara75@hotmail.com,59,2026-05-26
632,Bella,bella32@proton.me,64,2026-05-26
633,Uma,uma43@outlook.com,29,2026-05-26
634,Nikhil,nikhil4@outlook.com,22,2026-05-26
635,Sara,sara46@outlook.com,19,2026-05-26
636,Priya,priya23@outlook.com,51,2026-05-26
637,Zara,zara74@gmail.com,22,2026-05-26
638,Tanya,tanya16@proton.me,57,2026-05-26
639,Emma,,56,2026-05-26
640,Yash,yash2@outlook.com,25,2026-05-26
641,Emma,emma96@proton.me,66,2026-05-27
642,Tanya,tanya15@yahoo.com,,2026-05-27
643,Divya,divya3@outlook.com,71,2026-05-27
644,Priya,priya16@yahoo.com,,2026-05-27
645,Grace,grace50@hotmail.com,19,2026-05-27
646,Uma,uma95@gmail.com,65,2026-05-27
647,Xena,xena93@hotmail.com,75,2026-05-27
648,Wendy,wendy18@hotmail.com,70,2026-05-27
1,John,john@gmail.com,25,2026-05-28
2,Sarah,,30,2026-05-28
3,Mike,mike@gmail.com,22,2026-05-28
3,Mike,mike@gmail.com,22,2026-05-28
4,David,davidgmail.com,45,2026-05-28
649,Kevin,kevin41@proton.me,34,2026-05-28
650,Rahul,rahul99@outlook.com,19,2026-05-28
651,Quinn,quinn33@outlook.com,41,2026-05-28
652,Bella,bella29@gmail.com,50,2026-05-28
652,Bella,bella29@gmail.com,50,2026-05-28
653,Wendy,wendy6@proton.me,30,2026-05-28
654,Yash,yash93@hotmail.com,68,2026-05-28
655,Xena,xena71@outlook.com,19,2026-05-28
656,Zara,zara28@gmail.com,34,2026-05-28
657,Mia,mia3@gmail.com,51,2026-05-28
658,Zara,zara45@outlook.com,65,2026-05-28
659,Kevin,kevin32@gmail.com,22,2026-05-28
660,Rohan,rohan37@gmail.com,72,2026-05-28
661,Kevin,kevin20@gmail.com,55,2026-05-28
662,Divya,divya54proton.me,59,2026-05-28
663,Tanya,tanya89@outlook.com,48,2026-05-28
663,Tanya,tanya89@outlook.com,48,2026-05-28
664,Jaya,,20,2026-05-28
665,Olivia,olivia97@yahoo.com,49,2026-05-29
666,Arjun,arjun88@gmail.com,44,2026-05-29
667,Bella,bella38@hotmail.com,64,2026-05-29
668,Quinn,quinn27hotmail.com,20,2026-05-29
669,Leila,leila2@outlook.com,70,2026-05-29
670,Yash,yash95@gmail.com,25,2026-05-29
671,Bella,bella81@proton.me,75,2026-05-29
672,Aisha,aisha35@proton.me,57,2026-05-29
673,Aisha,aisha22@yahoo.com,23,2026-05-29
674,Nikhil,nikhil16@yahoo.com,63,2026-05-29
675,Rohan,rohan51@gmail.com,25,2026-05-29
676,Kevin,kevin18@proton.me,44,2026-05-29
676,Kevin,kevin18@proton.me,44,2026-05-29
677,Carlos,carlos80@yahoo.com,61,2026-05-29
678,Wendy,wendy32yahoo.com,64,2026-05-29
679,Sara,sara97@hotmail.com,31,2026-05-29
680,Nikhil,nikhil34@yahoo.com,24,2026-05-29
680,Nikhil,nikhil34@yahoo.com,24,2026-05-29
681,Priya,priya14@gmail.com,47,2026-05-30
682,Jaya,jaya76@yahoo.com,68,2026-05-30
683,Farhan,farhan51@gmail.com,45,2026-05-30
683,Farhan,farhan51@gmail.com,45,2026-05-30
684,Tanya,tanya27@yahoo.com,20,2026-05-30
685,Divya,divya5@proton.me,63,2026-05-30
686,Wendy,wendy5@gmail.com,47,2026-05-30
687,Divya,divya62@yahoo.com,45,2026-05-30
688,Divya,divya58@hotmail.com,33,2026-05-30
689,Aarav,aarav70@yahoo.com,71,2026-05-31
689,Aarav,aarav70@yahoo.com,71,2026-05-31
690,Carlos,carlos85@hotmail.com,38,2026-05-31
691,Ananya,ananya31@hotmail.com,71,2026-05-31
692,Emma,emma11@gmail.com,56,2026-06-01
693,Xena,xena61@yahoo.com,65,2026-06-01
694,Grace,grace26@outlook.com,74,2026-06-01
695,Aisha,,60,2026-06-01
696,Wendy,wendy27@yahoo.com,40,2026-06-01
697,Arjun,arjun81@proton.me,57,2026-06-01
698,Bella,bella2@gmail.com,44,2026-06-01
699,Aisha,aisha45@yahoo.com,40,2026-06-01
700,Priya,priya99@gmail.com,60,2026-06-01
701,Olivia,olivia10@proton.me,71,2026-06-01
702,Ananya,ananya29@proton.me,27,2026-06-01
703,Ananya,ananya44@yahoo.com,23,2026-06-01
704,Uma,uma82@yahoo.com,43,2026-06-01
705,Rohan,rohan87@yahoo.com,70,2026-06-01
706,Farhan,farhan33@yahoo.com,48,2026-06-01
707,Farhan,farhan44@gmail.com,50,2026-06-01
708,Sara,sara40@gmail.com,20,2026-06-01
709,Ishaan,ishaan20@outlook.com,59,2026-06-01
728,Ananya,ananya61@yahoo.com,22,2026-06-03
729,Wendy,wendy12@yahoo.com,19,2026-06-03
730,Divya,divya27gmail.com,62,2026-06-03
731,Aisha,aisha73@outlook.com,39,2026-06-03
732,Zara,zara33@yahoo.com,58,2026-06-03
733,Aarav,aarav99@outlook.com,75,2026-06-03
734,Rahul,,27,2026-06-03
735,Divya,divya6@gmail.com,24,2026-06-03
736,Aisha,aisha9@hotmail.com,61,2026-06-03
737,Tanya,tanya59@hotmail.com,36,2026-06-03
738,Nikhil,nikhil77@hotmail.com,45,2026-06-03
739,Nikhil,nikhil97@hotmail.com,70,2026-06-03
740,Bella,bella27@yahoo.com,43,2026-06-03
741,Divya,divya48@outlook.com,75,2026-06-03
742,Rahul,rahul98@gmail.com,18,2026-06-03
743,Leila,leila48@hotmail.com,28,2026-06-03
744,Aisha,aisha88@outlook.com,27,2026-06-03
745,Nikhil,nikhil27@proton.me,44.0,2026-06-04
746,Priya,,31.0,2026-06-04
747,Arjun,arjun18@proton.me,33.0,2026-06-04
748,Kevin,kevin54@proton.me,37.0,2026-06-04
749,Jaya,jaya7@hotmail.com,51.0,2026-06-04
750,Uma,uma49@proton.me,33.0,2026-06-04
751,Ishaan,ishaan46@outlook.com,49.0,2026-06-04
752,Mia,mia83@outlook.com,57.0,2026-06-04
753,Divya,,32.0,2026-06-04
754,Aisha,aisha51@hotmail.com,18.0,2026-06-04
755,Grace,grace48@hotmail.com,34.0,2026-06-04
756,Arjun,arjun65@outlook.com,75.0,2026-06-04
757,Divya,,37.0,2026-06-04
758,Ishaan,ishaan21@hotmail.com,20.0,2026-06-04
759,Carlos,carlos50@yahoo.com,49.0,2026-06-04
760,Ishaan,ishaan20@outlook.com,75.0,2026-06-04
761,Vikram,vikram65@yahoo.com,29.0,2026-06-04
762,Emma,emma8@outlook.com,,2026-06-04
763,Ishaan,ishaan15@outlook.com,46.0,2026-06-04
764,Grace,grace55@gmail.com,52.0,2026-06-04
765,Arjun,arjun15@proton.me,56.0,2026-06-04
766,Jaya,jaya53@hotmail.com,43.0,2026-06-04
767,Aisha,,66.0,2026-06-04
768,Farhan,farhan81@yahoo.com,47.0,2026-06-04
758,Ishaan,ishaan21@hotmail.com,20.0,2026-06-04
769,Emma,emma18@hotmail.com,72,2026-06-05
770,Carlos,carlos33@proton.me,22,2026-06-05
771,Grace,grace18@yahoo.com,63,2026-06-05
772,Arjun,arjun92@yahoo.com,36,2026-06-05
773,Carlos,carlos2@gmail.com,34,2026-06-05
774,Yash,yash96@hotmail.com,58,2026-06-05
775,Rohan,rohan75@proton.me,25,2026-06-05
776,Aarav,aarav30@gmail.com,19,2026-06-05
777,Kevin,kevin29@gmail.com,59,2026-06-05
778,Aisha,aisha85@proton.me,63,2026-06-05
779,Aarav,aarav61@gmail.com,20,2026-06-05
780,Farhan,farhan8@gmail.com,49,2026-06-05
781,Aisha,aisha10@gmail.com,46,2026-06-05
782,Olivia,olivia40@outlook.com,21,2026-06-05
783,Kevin,,25,2026-06-05
784,Ishaan,ishaan72@proton.me,25,2026-06-05
785,Xena,xena33@proton.me,73,2026-06-05
786,Mia,mia96yahoo.com,31,2026-06-05
787,Farhan,,47.0,2026-06-06
788,Harsh,harsh46@proton.me,63.0,2026-06-06
789,Aisha,aisha81@hotmail.com,27.0,2026-06-06
790,Yash,yash57gmail.com,27.0,2026-06-06
791,Bella,bella80@hotmail.com,49.0,2026-06-06
792,Ananya,ananya6@gmail.com,28.0,2026-06-06
793,Quinn,quinn5@outlook.com,47.0,2026-06-06
794,Aisha,aisha80proton.me,22.0,2026-06-06
795,Sara,sara35@proton.me,52.0,2026-06-06
796,Bella,bella75@outlook.com,27.0,2026-06-06
797,Uma,,59.0,2026-06-06
798,Grace,grace67@yahoo.com,56.0,2026-06-06
799,Ishaan,ishaan43@gmail.com,56.0,2026-06-06
800,Sara,sara28@outlook.com,58.0,2026-06-06
801,Arjun,arjun82@hotmail.com,,2026-06-06
802,Mia,mia47@yahoo.com,70.0,2026-06-06
803,Priya,priya11@hotmail.com,31.0,2026-06-06
804,Farhan,farhan99@gmail.com,51.0,2026-06-06
805,Xena,xena14@outlook.com,35.0,2026-06-06
806,Uma,uma60@yahoo.com,28.0,2026-06-06
807,Tanya,tanya80@proton.me,41.0,2026-06-06
808,Divya,divya95@gmail.com,75.0,2026-06-06
796,Bella,bella75@outlook.com,27.0,2026-06-06
806,Uma,uma60@yahoo.com,28.0,2026-06-06
809,Uma,uma39@gmail.com,24.0,2026-06-07
810,Rohan,rohan97@outlook.com,19.0,2026-06-07
811,Priya,priya60@yahoo.com,19.0,2026-06-07
812,Quinn,quinn56@proton.me,69.0,2026-06-07
813,Farhan,farhan41@hotmail.com,73.0,2026-06-07
814,Aisha,aisha52@outlook.com,61.0,2026-06-07
815,Farhan,,53.0,2026-06-07
816,Divya,divya34@outlook.com,71.0,2026-06-07
817,Vikram,vikram79hotmail.com,,2026-06-07
818,Olivia,olivia7@gmail.com,53.0,2026-06-07
819,Carlos,carlos71@yahoo.com,58.0,2026-06-07
820,Emma,emma93@proton.me,70.0,2026-06-07
821,Yash,yash52@outlook.com,21.0,2026-06-07
822,Tanya,tanya17@gmail.com,38.0,2026-06-07
823,Arjun,arjun14@yahoo.com,69.0,2026-06-07
824,Tanya,tanya99@outlook.com,39.0,2026-06-07
825,Leila,leila11@outlook.com,73.0,2026-06-07
826,Jaya,jaya26@hotmail.com,36.0,2026-06-07
827,Aisha,aisha99@proton.me,64.0,2026-06-07
828,Xena,xena16@yahoo.com,19.0,2026-06-07
829,Quinn,quinn93@hotmail.com,61.0,2026-06-07
830,Kevin,kevin45@hotmail.com,58.0,2026-06-07
831,Wendy,wendy77@gmail.com,47.0,2026-06-07
832,Zara,zara20@gmail.com,48.0,2026-06-07
833,Quinn,quinn89@yahoo.com,37.0,2026-06-07
814,Aisha,aisha52@outlook.com,61.0,2026-06-07
818,Olivia,olivia7@gmail.com,53.0,2026-06-07
834,Xena,xena66gmail.com,19.0,2026-06-08
835,Mia,mia26gmail.com,20.0,2026-06-08
836,Priya,priya86@outlook.com,73.0,2026-06-08
837,Rahul,rahul27@hotmail.com,21.0,2026-06-08
838,Priya,,52.0,2026-06-08
839,Yash,yash24@proton.me,40.0,2026-06-08
840,Uma,uma36gmail.com,50.0,2026-06-08
841,Arjun,,46.0,2026-06-08
842,Rohan,rohan42@gmail.com,72.0,2026-06-08
843,Kevin,kevin89@yahoo.com,49.0,2026-06-08
844,Yash,yash47@yahoo.com,43.0,2026-06-08
845,Bella,bella76@outlook.com,21.0,2026-06-08
846,Priya,priya59@outlook.com,42.0,2026-06-08
847,Leila,leila15@gmail.com,21.0,2026-06-08
848,Yash,yash41@proton.me,,2026-06-08
849,Quinn,quinn14@outlook.com,60.0,2026-06-08
850,Tanya,tanya75@hotmail.com,74.0,2026-06-08
851,Arjun,arjun75@hotmail.com,46.0,2026-06-08
852,Mia,mia58@outlook.com,35.0,2026-06-08
853,Zara,zara10@proton.me,54.0,2026-06-08
854,Rohan,rohan29@proton.me,35.0,2026-06-08
842,Rohan,rohan42@gmail.com,72.0,2026-06-08
855,Arjun,arjun50proton.me,18.0,2026-06-09
856,Mia,mia30@gmail.com,45.0,2026-06-09
857,Leila,leila70@outlook.com,62.0,2026-06-09
858,Wendy,wendy72@gmail.com,28.0,2026-06-09
859,Ananya,ananya22@proton.me,39.0,2026-06-09
860,Nikhil,nikhil30@outlook.com,49.0,2026-06-09
861,Leila,leila17@yahoo.com,47.0,2026-06-09
862,Aisha,aisha55@outlook.com,51.0,2026-06-09
863,Tanya,tanya60hotmail.com,35.0,2026-06-09
864,Grace,grace3@proton.me,44.0,2026-06-09
865,Zara,zara72outlook.com,18.0,2026-06-09
866,Arjun,,65.0,2026-06-09
867,Nikhil,nikhil80@proton.me,20.0,2026-06-09
868,Olivia,olivia68@gmail.com,35.0,2026-06-09
869,Ishaan,ishaan85@proton.me,26.0,2026-06-09
870,Wendy,wendy48@outlook.com,,2026-06-09
871,Leila,leila22@yahoo.com,50.0,2026-06-09
859,Ananya,ananya22@proton.me,39.0,2026-06-09
866,Arjun,,65.0,2026-06-09
872,Arjun,arjun28@outlook.com,32.0,2026-06-10
873,Leila,leila79@outlook.com,59.0,2026-06-10
874,Rohan,rohan17@gmail.com,57.0,2026-06-10
875,Wendy,wendy92@proton.me,36.0,2026-06-10
876,Ananya,ananya18@yahoo.com,32.0,2026-06-10
877,Jaya,jaya20@outlook.com,58.0,2026-06-10
878,Sara,,32.0,2026-06-10
879,Ananya,ananya12@gmail.com,65.0,2026-06-10
880,Rahul,rahul36yahoo.com,57.0,2026-06-10
881,Vikram,vikram30hotmail.com,43.0,2026-06-10
882,Aarav,aarav89@gmail.com,31.0,2026-06-10
883,Priya,priya93@proton.me,59.0,2026-06-10
884,Leila,leila49@hotmail.com,26.0,2026-06-10
885,Bella,bella72@yahoo.com,31.0,2026-06-10
886,Olivia,olivia28@hotmail.com,61.0,2026-06-10
887,Sara,sara95@outlook.com,70.0,2026-06-10
888,Nikhil,nikhil82@proton.me,,2026-06-10
889,Divya,divya92@yahoo.com,38.0,2026-06-10
890,Divya,divya56gmail.com,45.0,2026-06-10
891,Zara,zara95@gmail.com,59.0,2026-06-10
892,Ishaan,ishaan78@outlook.com,49.0,2026-06-10
893,Yash,yash55yahoo.com,36.0,2026-06-10
877,Jaya,jaya20@outlook.com,58.0,2026-06-10
887,Sara,sara95@outlook.com,70.0,2026-06-10
894,Emma,emma35@gmail.com,52.0,2026-06-11
895,Carlos,carlos88@proton.me,,2026-06-11
896,Mia,mia10@proton.me,25.0,2026-06-11
897,Ishaan,ishaan63@gmail.com,30.0,2026-06-11
898,Yash,yash61@gmail.com,35.0,2026-06-11
899,Yash,yash50@proton.me,50.0,2026-06-11
900,Sara,sara94@yahoo.com,75.0,2026-06-11
901,Jaya,jaya52@hotmail.com,69.0,2026-06-11
902,Ananya,ananya2@proton.me,45.0,2026-06-11
903,Aarav,aarav18@proton.me,68.0,2026-06-11
904,Mia,mia68outlook.com,40.0,2026-06-11
905,Grace,,42.0,2026-06-11
906,Leila,leila86@outlook.com,24.0,2026-06-11
907,Quinn,quinn95@hotmail.com,38.0,2026-06-11
908,Arjun,arjun59@proton.me,51.0,2026-06-11
909,Rohan,rohan3@gmail.com,56.0,2026-06-11
910,Farhan,farhan9@proton.me,59.0,2026-06-11
911,Carlos,carlos96@proton.me,49.0,2026-06-11
912,Emma,emma3@gmail.com,63.0,2026-06-11
913,Jaya,jaya87@outlook.com,65.0,2026-06-11
914,Yash,yash12@gmail.com,61.0,2026-06-11
915,Quinn,quinn35@hotmail.com,54.0,2026-06-11
916,Grace,,65.0,2026-06-11
917,Zara,zara51@gmail.com,23.0,2026-06-11
918,Grace,grace62@outlook.com,19,2026-06-12
919,Ishaan,ishaan23proton.me,64,2026-06-12
920,Uma,uma80@yahoo.com,20,2026-06-12
921,Emma,emma6@outlook.com,58,2026-06-12
922,Xena,xena47@yahoo.com,36,2026-06-12
923,Priya,priya95@outlook.com,56,2026-06-12
924,Emma,emma50@outlook.com,19,2026-06-12
925,Aarav,aarav49@hotmail.com,42,2026-06-12
926,Tanya,tanya45@hotmail.com,53,2026-06-12
927,Ishaan,,41,2026-06-12
922,Xena,xena47@yahoo.com,36,2026-06-12
928,Aisha,aisha18@outlook.com,20.0,2026-06-13
929,Yash,yash19@yahoo.com,35.0,2026-06-13
930,Quinn,quinn6@proton.me,56.0,2026-06-13
931,Vikram,vikram47@outlook.com,32.0,2026-06-13
932,Zara,zara47@yahoo.com,27.0,2026-06-13
933,Nikhil,nikhil20@hotmail.com,67.0,2026-06-13
934,Priya,priya5@yahoo.com,33.0,2026-06-13
935,Farhan,farhan86@yahoo.com,65.0,2026-06-13
936,Olivia,olivia2@yahoo.com,49.0,2026-06-13
937,Tanya,tanya55@outlook.com,60.0,2026-06-13
938,Carlos,carlos13@outlook.com,49.0,2026-06-13
939,Wendy,wendy1@outlook.com,68.0,2026-06-13
940,Vikram,vikram64@gmail.com,65.0,2026-06-13
941,Aarav,aarav42@outlook.com,32.0,2026-06-13
942,Harsh,harsh58@gmail.com,74.0,2026-06-13
943,Quinn,quinn22@hotmail.com,49.0,2026-06-13
944,Nikhil,,73.0,2026-06-13
945,Quinn,quinn84@yahoo.com,42.0,2026-06-13
946,Emma,,30.0,2026-06-13
947,Mia,mia83@yahoo.com,,2026-06-13
948,Xena,xena46@hotmail.com,27.0,2026-06-13
934,Priya,priya5@yahoo.com,33.0,2026-06-13
949,Mia,mia30@proton.me,61,2026-06-14
950,Carlos,carlos53@outlook.com,27,2026-06-14
951,Grace,grace75@yahoo.com,33,2026-06-14
952,Kevin,kevin21@gmail.com,75,2026-06-14
953,Leila,leila99@gmail.com,56,2026-06-14
954,Grace,grace15@gmail.com,64,2026-06-14
955,Mia,mia68@outlook.com,71,2026-06-14
956,Kevin,kevin19@hotmail.com,57,2026-06-14
957,Yash,yash12@hotmail.com,27,2026-06-14
958,Leila,leila19@yahoo.com,56,2026-06-14
959,Xena,xena56@hotmail.com,38,2026-06-14
960,Aisha,aisha11@proton.me,31,2026-06-14
961,Sara,sara23hotmail.com,69,2026-06-14
962,Farhan,farhan73@hotmail.com,60,2026-06-14
963,Uma,uma82@hotmail.com,46.0,2026-06-15
964,Arjun,arjun58@proton.me,18.0,2026-06-15
965,Olivia,,22.0,2026-06-15
966,Aarav,aarav61@gmail.com,,2026-06-15
967,Zara,zara88@outlook.com,38.0,2026-06-15
968,Emma,emma50@gmail.com,34.0,2026-06-15
969,Grace,grace22@proton.me,69.0,2026-06-15
970,Leila,leila60@gmail.com,62.0,2026-06-15
971,Ishaan,ishaan16@gmail.com,38.0,2026-06-15
972,Aisha,aisha70@gmail.com,63.0,2026-06-15
973,Yash,yash88@proton.me,54.0,2026-06-15
974,Rahul,rahul43@yahoo.com,34.0,2026-06-15
975,Quinn,quinn88@proton.me,45.0,2026-06-15
976,Kevin,kevin68@outlook.com,63.0,2026-06-15
977,Nikhil,nikhil82@gmail.com,40.0,2026-06-15
978,Jaya,jaya59@proton.me,38.0,2026-06-15
979,Vikram,vikram86proton.me,32.0,2026-06-15
966,Aarav,aarav61@gmail.com,,2026-06-15
980,Leila,,69.0,2026-06-16
981,Xena,xena18@gmail.com,33.0,2026-06-16
982,Xena,xena49proton.me,61.0,2026-06-16
983,Arjun,arjun2@yahoo.com,52.0,2026-06-16
984,Tanya,tanya92@proton.me,53.0,2026-06-16
985,Kevin,kevin54@proton.me,57.0,2026-06-16
986,Tanya,tanya46@outlook.com,,2026-06-16
987,Vikram,vikram80yahoo.com,69.0,2026-06-16
988,Divya,divya73@proton.me,,2026-06-16
989,Nikhil,nikhil32@hotmail.com,43.0,2026-06-16
990,Quinn,quinn18outlook.com,72.0,2026-06-16
991,Quinn,quinn46@gmail.com,18.0,2026-06-16
992,Mia,mia12@yahoo.com,65,2026-06-17
993,Ananya,ananya79@outlook.com,49,2026-06-17
994,Aarav,,21,2026-06-17
995,Harsh,harsh6@hotmail.com,49,2026-06-17
996,Divya,divya27@gmail.com,35,2026-06-17
997,Yash,yash1@yahoo.com,25,2026-06-17
998,Bella,bella62@yahoo.com,64,2026-06-17
999,Wendy,wendy19@proton.me,64,2026-06-17
1000,Bella,,62,2026-06-17
1001,Aisha,aisha42@gmail.com,20,2026-06-17
1002,Aisha,aisha2@hotmail.com,60,2026-06-17
1003,Yash,yash80@outlook.com,63,2026-06-17
1004,Aarav,,56,2026-06-17
1005,Aisha,aisha89@proton.me,29,2026-06-17
1006,Sara,,74,2026-06-17
1007,Arjun,arjun86@outlook.com,74,2026-06-17
1008,Mia,mia88@hotmail.com,29,2026-06-17
1009,Zara,zara87@proton.me,38,2026-06-17
1010,Harsh,harsh2@gmail.com,41.0,2026-06-18
1011,Priya,priya49@hotmail.com,33.0,2026-06-18
1012,Olivia,olivia39@yahoo.com,70.0,2026-06-18
1013,Jaya,jaya91@yahoo.com,72.0,2026-06-18
1014,Zara,zara32@gmail.com,45.0,2026-06-18
1015,Leila,leila83@gmail.com,19.0,2026-06-18
1016,Ishaan,ishaan92@yahoo.com,57.0,2026-06-18
1017,Arjun,arjun38@outlook.com,18.0,2026-06-18
1018,Uma,uma19@gmail.com,31.0,2026-06-18
1019,Priya,,,2026-06-18
1020,Rahul,rahul2@yahoo.com,71.0,2026-06-18
1021,Priya,priya19@yahoo.com,55.0,2026-06-18
1022,Quinn,quinn99@proton.me,43.0,2026-06-18
1023,Rohan,rohan61hotmail.com,24.0,2026-06-18
1024,Aarav,aarav39@yahoo.com,39.0,2026-06-18
1025,Yash,yash23@proton.me,51.0,2026-06-18
1026,Wendy,,,2026-06-18
1027,Farhan,farhan12@outlook.com,29.0,2026-06-18
1028,Sara,sara61@outlook.com,71.0,2026-06-18
1029,Carlos,carlos31@yahoo.com,54.0,2026-06-18
1030,Farhan,farhan20@yahoo.com,24.0,2026-06-18
1031,Carlos,carlos63@outlook.com,53.0,2026-06-18
1032,Grace,grace16@yahoo.com,64.0,2026-06-18
1033,Kevin,kevin69@yahoo.com,29.0,2026-06-18
1029,Carlos,carlos31@yahoo.com,54.0,2026-06-18
1029,Carlos,carlos31@yahoo.com,54.0,2026-06-18
1014,Zara,zara32@gmail.com,45.0,2026-06-18
1026,Wendy,,,2026-06-18
1034,Arjun,arjun80@proton.me,72.0,2026-06-19
1035,Rohan,rohan33@hotmail.com,59.0,2026-06-19
1036,Rahul,rahul83@gmail.com,66.0,2026-06-19
1037,Quinn,quinn74@hotmail.com,,2026-06-19
1038,Tanya,tanya94@outlook.com,,2026-06-19
1039,Emma,emma52@hotmail.com,75.0,2026-06-19
1040,Tanya,tanya83@proton.me,37.0,2026-06-19
1041,Wendy,wendy92@yahoo.com,44.0,2026-06-19
1042,Tanya,tanya11@yahoo.com,47.0,2026-06-19
1043,Divya,divya28@proton.me,44.0,2026-06-19
1044,Sara,sara81@yahoo.com,18.0,2026-06-19
1045,Mia,mia11@gmail.com,55.0,2026-06-19
1046,Vikram,vikram29@proton.me,25.0,2026-06-19
1047,Grace,grace90@yahoo.com,48.0,2026-06-19
1048,Aarav,aarav21@yahoo.com,19.0,2026-06-19
1049,Nikhil,nikhil65@hotmail.com,18.0,2026-06-19
1050,Quinn,quinn54@outlook.com,34.0,2026-06-20
1051,Sara,sara20@hotmail.com,41.0,2026-06-20
1052,Yash,yash65@outlook.com,62.0,2026-06-20
1053,Arjun,,26.0,2026-06-20
1054,Tanya,tanya42@outlook.com,45.0,2026-06-20
1055,Kevin,kevin17@hotmail.com,72.0,2026-06-20
1056,Olivia,olivia72@yahoo.com,29.0,2026-06-20
1057,Wendy,wendy62outlook.com,72.0,2026-06-20
1058,Mia,mia18@proton.me,57.0,2026-06-20
1059,Mia,mia4@yahoo.com,18.0,2026-06-20
1060,Carlos,carlos62@yahoo.com,50.0,2026-06-20
1061,Kevin,kevin42@hotmail.com,,2026-06-20
1062,Quinn,quinn91@proton.me,74.0,2026-06-20
1063,Yash,yash71@proton.me,20.0,2026-06-20
1064,Harsh,harsh24@gmail.com,41.0,2026-06-20
1065,Zara,zara41@proton.me,27.0,2026-06-20
1066,Zara,zara61@yahoo.com,54.0,2026-06-20
1062,Quinn,quinn91@proton.me,74.0,2026-06-20
1067,Leila,leila74@outlook.com,23,2026-06-21
1068,Nikhil,nikhil1@outlook.com,62,2026-06-21
1069,Nikhil,nikhil66@yahoo.com,54,2026-06-21
1070,Bella,bella22@outlook.com,75,2026-06-21
1071,Jaya,jaya65@proton.me,28,2026-06-21
1072,Yash,yash87@hotmail.com,63,2026-06-21
1073,Jaya,jaya50@proton.me,43,2026-06-21
1074,Uma,uma64@yahoo.com,25,2026-06-21
1075,Wendy,wendy74@outlook.com,47,2026-06-21
1076,Arjun,arjun71@outlook.com,68,2026-06-21
1075,Wendy,wendy74@outlook.com,47,2026-06-21
1077,Leila,leila65@proton.me,64.0,2026-06-22
1078,Kevin,kevin5@gmail.com,62.0,2026-06-22
1079,Olivia,olivia3@proton.me,22.0,2026-06-22
1080,Leila,leila54@gmail.com,54.0,2026-06-22
1081,Ishaan,ishaan8@gmail.com,42.0,2026-06-22
1082,Xena,xena29@gmail.com,66.0,2026-06-22
1083,Uma,uma87@hotmail.com,55.0,2026-06-22
1084,Quinn,quinn94@hotmail.com,25.0,2026-06-22
1085,Rahul,rahul95@yahoo.com,50.0,2026-06-22
1086,Divya,,,2026-06-22
1087,Aisha,aisha69@hotmail.com,46.0,2026-06-23
1088,Tanya,tanya95@proton.me,37.0,2026-06-23
1089,Emma,emma33@outlook.com,75.0,2026-06-23
1090,Ananya,ananya43@yahoo.com,20.0,2026-06-23
1091,Mia,mia51@proton.me,36.0,2026-06-23
1092,Rohan,rohan26@outlook.com,24.0,2026-06-23
1093,Uma,uma14@hotmail.com,47.0,2026-06-23
1094,Farhan,farhan31@yahoo.com,52.0,2026-06-23
1095,Ananya,ananya9@outlook.com,36.0,2026-06-23
1096,Grace,grace45@proton.me,28.0,2026-06-23
1097,Olivia,olivia70@proton.me,43.0,2026-06-23
1098,Priya,priya27@proton.me,51.0,2026-06-23
1099,Rahul,rahul6@proton.me,75.0,2026-06-23
1100,Carlos,carlos6@gmail.com,43.0,2026-06-23
1101,Quinn,quinn76@yahoo.com,,2026-06-23
1102,Leila,leila18@yahoo.com,34.0,2026-06-23
1103,Wendy,wendy33@hotmail.com,,2026-06-23
1101,Quinn,quinn76@yahoo.com,,2026-06-23
1104,Arjun,arjun21@outlook.com,66,2026-06-24
1105,Bella,bella98@hotmail.com,38,2026-06-24
1106,Ananya,ananya6@proton.me,31,2026-06-24
1107,Yash,yash18@outlook.com,31,2026-06-24
1108,Grace,grace75@yahoo.com,54,2026-06-24
1109,Wendy,wendy34@proton.me,48,2026-06-24
1110,Uma,uma73@yahoo.com,43,2026-06-24
1111,Nikhil,,45,2026-06-24
1112,Kevin,kevin30@proton.me,46,2026-06-24
1113,Nikhil,,61,2026-06-24
1114,Priya,priya33@yahoo.com,29,2026-06-24
1115,Rahul,,26,2026-06-24
1116,Jaya,jaya72@yahoo.com,23,2026-06-24
1117,Harsh,harsh17@outlook.com,52,2026-06-24
1118,Grace,grace83@hotmail.com,23,2026-06-24
1119,Quinn,quinn71@gmail.com,36,2026-06-24
1120,Quinn,quinn24@gmail.com,68,2026-06-24
1121,Emma,,49,2026-06-24
1122,Yash,yash99@proton.me,51,2026-06-24
1123,Wendy,wendy88@yahoo.com,42,2026-06-24
1124,Arjun,arjun67@outlook.com,46,2026-06-24
1125,Ishaan,ishaan32@hotmail.com,36,2026-06-24
1126,Nikhil,nikhil22@yahoo.com,74,2026-06-24
1124,Arjun,arjun67@outlook.com,46,2026-06-24
1115,Rahul,,26,2026-06-24
1127,Kevin,kevin77@yahoo.com,29.0,2026-06-25
1128,Leila,leila81@outlook.com,63.0,2026-06-25
1129,Farhan,farhan81@outlook.com,28.0,2026-06-25
1130,Nikhil,nikhil27@gmail.com,42.0,2026-06-25
1131,Carlos,carlos89@hotmail.com,50.0,2026-06-25
1132,Farhan,farhan38@proton.me,70.0,2026-06-25
1133,Nikhil,nikhil48@yahoo.com,42.0,2026-06-25
1134,Olivia,olivia23@gmail.com,64.0,2026-06-25
1135,Emma,emma80proton.me,63.0,2026-06-25
1136,Priya,priya17@proton.me,20.0,2026-06-25
1137,Carlos,carlos26@yahoo.com,36.0,2026-06-25
1138,Xena,xena54@proton.me,34.0,2026-06-25
1139,Leila,,57.0,2026-06-25
1140,Zara,zara82@yahoo.com,49.0,2026-06-25
1141,Leila,leila20@yahoo.com,,2026-06-25
1142,Divya,divya81@proton.me,68.0,2026-06-25
1143,Carlos,,20.0,2026-06-25
1144,Aisha,aisha9@hotmail.com,49.0,2026-06-25
1145,Yash,yash45@proton.me,62.0,2026-06-25
1146,Ananya,ananya98@proton.me,49.0,2026-06-25
1147,Divya,divya25@hotmail.com,72.0,2026-06-25
1148,Rohan,rohan54yahoo.com,64.0,2026-06-25
1149,Uma,uma68@hotmail.com,42.0,2026-06-25
1130,Nikhil,nikhil27@gmail.com,42.0,2026-06-25
1135,Emma,emma80proton.me,63.0,2026-06-25
1150,Aisha,aisha55@hotmail.com,56,2026-06-26
1151,Zara,zara35@outlook.com,59,2026-06-26
1152,Arjun,arjun95@proton.me,59,2026-06-26
1153,Yash,yash48@outlook.com,74,2026-06-26
1154,Aarav,aarav83outlook.com,62,2026-06-26
1155,Grace,grace31@yahoo.com,73,2026-06-26
1156,Jaya,,70,2026-06-26
1157,Grace,grace27@hotmail.com,62,2026-06-26
1158,Ananya,ananya95@hotmail.com,49,2026-06-26
1159,Xena,xena3@proton.me,59,2026-06-26
1160,Zara,zara47@hotmail.com,66,2026-06-26
1161,Nikhil,nikhil65@proton.me,32,2026-06-27
1162,Vikram,vikram91@proton.me,39,2026-06-27
1163,Rohan,rohan90@outlook.com,43,2026-06-27
1164,Zara,,39,2026-06-27
1165,Bella,bella4yahoo.com,64,2026-06-27
1166,Rahul,rahul51@gmail.com,67,2026-06-27
1167,Olivia,olivia61@outlook.com,60,2026-06-27
1168,Priya,priya71@hotmail.com,19,2026-06-27
1169,Arjun,arjun37@gmail.com,64,2026-06-27
1170,Aisha,aisha66@gmail.com,71,2026-06-27
1171,Priya,priya92@hotmail.com,49,2026-06-28
1172,Farhan,farhan18@proton.me,46,2026-06-28
1173,Mia,mia21@yahoo.com,50,2026-06-28
1174,Harsh,harsh80@hotmail.com,70,2026-06-28
1175,Vikram,vikram56@yahoo.com,22,2026-06-28
1176,Harsh,harsh48@hotmail.com,48,2026-06-28
1177,Ananya,ananya50@outlook.com,25,2026-06-28
1178,Mia,mia67@hotmail.com,54,2026-06-28
1179,Aisha,aisha44@outlook.com,55,2026-06-28
1180,Vikram,vikram99@proton.me,59,2026-06-28
1179,Aisha,aisha44@outlook.com,55,2026-06-28
1171,Priya,priya92@hotmail.com,49,2026-06-28
1181,Emma,emma2@proton.me,29.0,2026-06-29
1182,Aisha,aisha23@gmail.com,59.0,2026-06-29
1183,Rohan,rohan14@yahoo.com,45.0,2026-06-29
1184,Olivia,olivia39@proton.me,35.0,2026-06-29
1185,Uma,uma52@outlook.com,73.0,2026-06-29
1186,Harsh,harsh53@gmail.com,63.0,2026-06-29
1187,Aisha,aisha33@gmail.com,53.0,2026-06-29
1188,Farhan,farhan79@gmail.com,62.0,2026-06-29
1189,Arjun,arjun24@proton.me,51.0,2026-06-29
1190,Arjun,arjun17@outlook.com,,2026-06-29
1191,Yash,yash18@hotmail.com,,2026-06-29
1192,Wendy,wendy48@yahoo.com,24.0,2026-06-29
1193,Zara,zara81@outlook.com,52.0,2026-06-29
1194,Wendy,wendy45@gmail.com,63.0,2026-06-29
1195,Aisha,aisha76@proton.me,58.0,2026-06-29
1196,Rohan,rohan64@hotmail.com,57.0,2026-06-29
1197,Aarav,aarav94@gmail.com,26.0,2026-06-29
1198,Divya,divya49@gmail.com,71.0,2026-06-29
1199,Sara,sara13@gmail.com,36.0,2026-06-29
1200,Uma,uma28@proton.me,64.0,2026-06-29
1201,Grace,grace13@yahoo.com,49.0,2026-06-29
1202,Arjun,arjun57@proton.me,40.0,2026-06-29
1203,Rahul,rahul55@hotmail.com,41.0,2026-06-29
1204,Aisha,aisha7outlook.com,,2026-06-29
1205,Jaya,jaya82@proton.me,20.0,2026-06-29
1195,Aisha,aisha76@proton.me,58.0,2026-06-29
1205,Jaya,jaya82@proton.me,20.0,2026-06-29
1206,Tanya,tanya85@gmail.com,21.0,2026-06-30
1207,Priya,priya85@yahoo.com,18.0,2026-06-30
1208,Uma,uma94@hotmail.com,53.0,2026-06-30
1209,Carlos,carlos49@outlook.com,28.0,2026-06-30
1210,Ishaan,ishaan53@hotmail.com,73.0,2026-06-30
1211,Vikram,vikram28@gmail.com,45.0,2026-06-30
1212,Ishaan,ishaan31@proton.me,49.0,2026-06-30
1213,Sara,sara91@yahoo.com,60.0,2026-06-30
1214,Carlos,,60.0,2026-06-30
1215,Mia,mia64@gmail.com,49.0,2026-06-30
1216,Nikhil,nikhil35@gmail.com,41.0,2026-06-30
1217,Farhan,farhan9@gmail.com,42.0,2026-06-30
1218,Harsh,harsh56@hotmail.com,39.0,2026-06-30
1219,Vikram,vikram88@gmail.com,31.0,2026-06-30
1220,Ishaan,ishaan58@hotmail.com,42.0,2026-06-30
1221,Quinn,quinn22@outlook.com,,2026-06-30
1222,Bella,bella55@proton.me,37.0,2026-06-30
1223,Ananya,ananya89@proton.me,63.0,2026-06-30
1224,Bella,bella62hotmail.com,74.0,2026-06-30
1225,Vikram,vikram31@yahoo.com,60.0,2026-06-30
1226,Aarav,aarav80@yahoo.com,32.0,2026-06-30
1227,Leila,leila22@yahoo.com,57.0,2026-06-30
1228,Arjun,arjun14proton.me,19.0,2026-06-30
1229,Vikram,vikram55@yahoo.com,52.0,2026-06-30
1218,Harsh,harsh56@hotmail.com,39.0,2026-06-30
1229,Vikram,vikram55@yahoo.com,52.0,2026-06-30
1230,Bella,bella13@proton.me,18,2026-07-01
1231,Quinn,quinn85@yahoo.com,37,2026-07-01
1232,Vikram,,67,2026-07-01
1233,Uma,uma19@yahoo.com,25,2026-07-01
1234,Quinn,quinn33@hotmail.com,35,2026-07-01
1235,Carlos,carlos30@outlook.com,30,2026-07-01
1236,Rohan,rohan42@yahoo.com,25,2026-07-01
1237,Tanya,tanya15@proton.me,57,2026-07-01
1238,Ishaan,ishaan11@outlook.com,55,2026-07-01
1239,Mia,mia90@hotmail.com,21,2026-07-01
1240,Rohan,rohan84@gmail.com,51,2026-07-01
1241,Olivia,olivia97@outlook.com,63,2026-07-01
1242,Rohan,,68,2026-07-01
1243,Bella,bella70@proton.me,49,2026-07-01
1244,Olivia,olivia80@yahoo.com,41,2026-07-01
1245,Leila,leila73@hotmail.com,66,2026-07-01
1246,Zara,zara35@proton.me,35,2026-07-01
1247,Aarav,aarav49@proton.me,75,2026-07-01
1248,Harsh,harsh55@hotmail.com,72,2026-07-01
1249,Rohan,rohan84@proton.me,52,2026-07-01
1242,Rohan,,68,2026-07-01
1242,Rohan,,68,2026-07-01
1250,Wendy,wendy68@yahoo.com,53.0,2026-07-02
1251,Ananya,,45.0,2026-07-02
1252,Tanya,tanya61@outlook.com,23.0,2026-07-02
1253,Aarav,aarav38@yahoo.com,65.0,2026-07-02
1254,Ishaan,ishaan58@gmail.com,,2026-07-02
1255,Bella,bella88@gmail.com,20.0,2026-07-02
1256,Zara,zara50@yahoo.com,31.0,2026-07-02
1257,Olivia,olivia26@proton.me,39.0,2026-07-02
1258,Jaya,jaya28@gmail.com,61.0,2026-07-02
1259,Nikhil,nikhil46@yahoo.com,61.0,2026-07-02
1260,Yash,yash16@yahoo.com,52.0,2026-07-02
1261,Sara,sara78@yahoo.com,48.0,2026-07-02
1262,Nikhil,nikhil42@proton.me,68.0,2026-07-02
1263,Olivia,olivia23@gmail.com,51.0,2026-07-02
1264,Ananya,ananya73@outlook.com,52.0,2026-07-02
1265,Sara,sara75@gmail.com,38.0,2026-07-02
1266,Kevin,kevin54@yahoo.com,75.0,2026-07-02
1265,Sara,sara75@gmail.com,38.0,2026-07-02
1267,Aarav,aarav41@gmail.com,48.0,2026-07-03
1268,Farhan,farhan5@outlook.com,21.0,2026-07-03
1269,Zara,zara69@outlook.com,,2026-07-03
1270,Tanya,tanya82@outlook.com,,2026-07-03
1271,Jaya,jaya31@outlook.com,69.0,2026-07-03
1272,Olivia,olivia2@outlook.com,27.0,2026-07-03
1273,Bella,bella82@gmail.com,29.0,2026-07-03
1274,Wendy,wendy22@outlook.com,46.0,2026-07-03
1275,Grace,,74.0,2026-07-03
1276,Emma,emma14gmail.com,56.0,2026-07-03
1277,Divya,,52.0,2026-07-03
1277,Divya,,52.0,2026-07-03
1278,Arjun,arjun32@gmail.com,30,2026-07-04
1279,Mia,mia50@outlook.com,47,2026-07-04
1280,Aisha,aisha90@outlook.com,52,2026-07-04
1281,Ishaan,ishaan31@gmail.com,64,2026-07-04
1282,Emma,,36,2026-07-04
1283,Quinn,quinn17@yahoo.com,43,2026-07-04
1284,Tanya,tanya99@outlook.com,46,2026-07-04
1285,Tanya,tanya23@yahoo.com,22,2026-07-04
1286,Zara,zara27gmail.com,44,2026-07-04
1287,Kevin,kevin28@proton.me,32,2026-07-04
1288,Vikram,vikram89@proton.me,65,2026-07-04
1289,Aarav,aarav33@yahoo.com,42,2026-07-04
1290,Quinn,quinn49@hotmail.com,42,2026-07-04
1291,Farhan,farhan95@gmail.com,36,2026-07-04
1292,Jaya,jaya29@yahoo.com,40,2026-07-04
1293,Rahul,rahul59@yahoo.com,72,2026-07-04
1294,Aisha,aisha48@yahoo.com,72,2026-07-04
1295,Grace,grace51@hotmail.com,27,2026-07-04
1295,Grace,grace51@hotmail.com,27,2026-07-04
1296,Grace,grace48@gmail.com,41.0,2026-07-05
1297,Farhan,farhan61@hotmail.com,50.0,2026-07-05
1298,Mia,mia61@outlook.com,67.0,2026-07-05
1299,Aarav,aarav73@proton.me,28.0,2026-07-05
1300,Arjun,arjun79@hotmail.com,19.0,2026-07-05
1301,Aisha,aisha52@proton.me,,2026-07-05
1302,Yash,yash71@proton.me,54.0,2026-07-05
1303,Wendy,wendy21@yahoo.com,33.0,2026-07-05
1304,Yash,yash82@gmail.com,41.0,2026-07-05
1305,Yash,yash16@proton.me,43.0,2026-07-05
1306,Aarav,aarav10@gmail.com,57.0,2026-07-05
1307,Wendy,wendy23@hotmail.com,53.0,2026-07-05
1308,Xena,xena10@hotmail.com,75.0,2026-07-05
1309,Zara,zara32@gmail.com,33.0,2026-07-05
1310,Mia,mia34@proton.me,19.0,2026-07-05
1311,Uma,uma81@hotmail.com,55.0,2026-07-05
1312,Emma,emma31@hotmail.com,25,2026-07-06
1313,Olivia,olivia11@yahoo.com,41,2026-07-06
1314,Wendy,,46,2026-07-06
1315,Divya,divya92@yahoo.com,45,2026-07-06
1316,Jaya,jaya82@hotmail.com,45,2026-07-06
1317,Kevin,kevin20@gmail.com,68,2026-07-06
1318,Uma,uma68@outlook.com,44,2026-07-06
1319,Arjun,,36,2026-07-06
1320,Harsh,harsh49@proton.me,74,2026-07-06
1321,Aisha,aisha39@hotmail.com,75,2026-07-06
1322,Priya,priya89@outlook.com,60,2026-07-06
1323,Ishaan,ishaan90@outlook.com,71,2026-07-07
1324,Ananya,,28,2026-07-07
1325,Wendy,wendy51@gmail.com,29,2026-07-07
1326,Emma,emma12@yahoo.com,53,2026-07-07
1327,Wendy,wendy39@proton.me,43,2026-07-07
1328,Divya,divya9@gmail.com,32,2026-07-07
1329,Sara,sara86yahoo.com,45,2026-07-07
1330,Emma,emma2@yahoo.com,40,2026-07-07
1331,Bella,bella37@outlook.com,28,2026-07-07
1332,Sara,sara72@outlook.com,70,2026-07-07
1326,Emma,emma12@yahoo.com,53,2026-07-07
1333,Zara,zara44@proton.me,49,2026-07-08
1334,Uma,uma67@proton.me,31,2026-07-08
1335,Wendy,wendy65@hotmail.com,61,2026-07-08
1336,Uma,uma58@outlook.com,52,2026-07-08
1337,Xena,xena7@gmail.com,25,2026-07-08
1338,Wendy,wendy23@outlook.com,67,2026-07-08
1339,Ananya,ananya23@hotmail.com,27,2026-07-08
1340,Aarav,aarav29@gmail.com,31,2026-07-08
1341,Rahul,rahul51@yahoo.com,33,2026-07-08
1342,Olivia,olivia38@proton.me,21,2026-07-08
1343,Emma,emma46@outlook.com,36,2026-07-08
1344,Jaya,jaya24@yahoo.com,44,2026-07-08
1345,Carlos,carlos29@gmail.com,41,2026-07-08
1344,Jaya,jaya24@yahoo.com,44,2026-07-08
1346,Aisha,aisha27@outlook.com,66,2026-07-09
1347,Priya,priya69@outlook.com,54,2026-07-09
1348,Emma,emma21@proton.me,69,2026-07-09
1349,Arjun,arjun61@gmail.com,40,2026-07-09
1350,Rohan,rohan64@hotmail.com,60,2026-07-09
1351,Leila,leila45hotmail.com,54,2026-07-09
1352,Farhan,farhan66@outlook.com,35,2026-07-09
1353,Yash,yash57@yahoo.com,72,2026-07-09
1354,Divya,divya44@hotmail.com,50,2026-07-09
1355,Farhan,farhan69@proton.me,66,2026-07-09
1356,Grace,grace92@hotmail.com,20,2026-07-09
1357,Rohan,rohan26@proton.me,57,2026-07-09
1358,Wendy,wendy35@gmail.com,56,2026-07-09
1359,Priya,priya26@proton.me,27,2026-07-09
1360,Xena,xena37@yahoo.com,36,2026-07-09
1361,Emma,emma96@outlook.com,50,2026-07-10
1362,Aisha,aisha49outlook.com,63,2026-07-10
1363,Divya,divya72@proton.me,42,2026-07-10
1364,Xena,xena57@gmail.com,30,2026-07-10
1365,Aisha,aisha22@outlook.com,70,2026-07-10
1366,Aisha,aisha46@gmail.com,18,2026-07-10
1367,Bella,bella67@yahoo.com,40,2026-07-10
1368,Wendy,wendy60@outlook.com,33,2026-07-10
1369,Zara,zara55@proton.me,29,2026-07-10
1370,Ishaan,ishaan10@yahoo.com,56,2026-07-10
1371,Rahul,rahul92@gmail.com,46,2026-07-10
1372,Rohan,rohan70@proton.me,43,2026-07-10
1362,Aisha,aisha49outlook.com,63,2026-07-10
1373,Ishaan,,28,2026-07-11
1374,Farhan,farhan40@yahoo.com,41,2026-07-11
1375,Carlos,carlos11@outlook.com,50,2026-07-11
1376,Ananya,ananya16@outlook.com,48,2026-07-11
1377,Kevin,kevin81@gmail.com,43,2026-07-11
1378,Kevin,kevin78@gmail.com,28,2026-07-11
1379,Mia,mia27@proton.me,44,2026-07-11
1380,Arjun,arjun69@proton.me,39,2026-07-11
1381,Mia,mia17@proton.me,60,2026-07-11
1382,Farhan,farhan29@yahoo.com,19,2026-07-11
1383,Aarav,aarav71gmail.com,58,2026-07-11
1384,Harsh,harsh71@outlook.com,49,2026-07-11
1385,Emma,emma79@yahoo.com,21,2026-07-11
1377,Kevin,kevin81@gmail.com,43,2026-07-11
1379,Mia,mia27@proton.me,44,2026-07-11
1386,Harsh,harsh69@yahoo.com,60,2026-07-12
1387,Divya,divya32proton.me,50,2026-07-12
1388,Mia,mia46yahoo.com,35,2026-07-12
1389,Ananya,,57,2026-07-12
1390,Wendy,wendy50@gmail.com,33,2026-07-12
1391,Yash,yash14@proton.me,49,2026-07-12
1392,Arjun,arjun37@hotmail.com,49,2026-07-12
1393,Divya,divya45@gmail.com,27,2026-07-12
1394,Zara,zara85@yahoo.com,25,2026-07-12
1395,Harsh,harsh99@outlook.com,38,2026-07-12
1396,Bella,bella39@outlook.com,18,2026-07-12
1397,Olivia,olivia53@yahoo.com,40,2026-07-12
1398,Grace,grace38gmail.com,67,2026-07-12
1399,Aisha,aisha1@gmail.com,29,2026-07-12
1400,Leila,leila98@gmail.com,45,2026-07-12
1401,Wendy,wendy61@yahoo.com,23,2026-07-12
1402,Priya,priya7@outlook.com,,2026-07-13
1403,Arjun,arjun66@yahoo.com,42.0,2026-07-13
1404,Aarav,aarav66@yahoo.com,29.0,2026-07-13
1405,Harsh,harsh30@gmail.com,28.0,2026-07-13
1406,Kevin,kevin19@outlook.com,23.0,2026-07-13
1407,Uma,uma10@gmail.com,29.0,2026-07-13
1408,Zara,zara58@yahoo.com,41.0,2026-07-13
1409,Olivia,olivia8hotmail.com,19.0,2026-07-13
1410,Yash,yash79@gmail.com,72.0,2026-07-13
1411,Jaya,jaya38@outlook.com,73.0,2026-07-13
1412,Rahul,rahul87@outlook.com,37.0,2026-07-13
1413,Grace,grace12@yahoo.com,39.0,2026-07-13
1414,Zara,zara31@outlook.com,24.0,2026-07-13
1415,Aisha,aisha35@yahoo.com,21.0,2026-07-13
1416,Kevin,kevin2@outlook.com,66.0,2026-07-13
1417,Nikhil,nikhil16@proton.me,29.0,2026-07-13
1418,Aisha,aisha31@yahoo.com,42,2026-07-14
1419,Ananya,ananya87@hotmail.com,52,2026-07-14
1420,Leila,leila21@proton.me,70,2026-07-14
1421,Rahul,rahul61@hotmail.com,41,2026-07-14
1422,Harsh,,65,2026-07-14
1423,Rahul,rahul22@yahoo.com,22,2026-07-14
1424,Carlos,carlos91@yahoo.com,27,2026-07-14
1425,Zara,zara41@outlook.com,71,2026-07-14
1426,Sara,sara84@proton.me,30,2026-07-14
1427,Grace,grace28@proton.me,28,2026-07-14
1428,Farhan,farhan12@proton.me,32,2026-07-14
1429,Ananya,ananya30@outlook.com,40,2026-07-14
1430,Harsh,harsh91@proton.me,36,2026-07-14
1431,Kevin,,47,2026-07-15
1432,Nikhil,nikhil24@yahoo.com,43,2026-07-15
1433,Ananya,ananya58@proton.me,73,2026-07-15
1434,Bella,bella13@outlook.com,29,2026-07-15
1435,Uma,uma1@gmail.com,39,2026-07-15
1436,Grace,grace93@outlook.com,32,2026-07-15
1437,Harsh,harsh94@gmail.com,61,2026-07-15
1438,Nikhil,nikhil80hotmail.com,29,2026-07-15
1439,Yash,yash77@proton.me,61,2026-07-15
1440,Uma,uma69@outlook.com,40,2026-07-15
1441,Zara,,36,2026-07-15
1442,Wendy,wendy11proton.me,26,2026-07-15
1443,Yash,yash73@yahoo.com,51,2026-07-15
1444,Nikhil,nikhil53@proton.me,29,2026-07-15
1445,Nikhil,nikhil1@gmail.com,55,2026-07-15
1446,Nikhil,nikhil98@gmail.com,42,2026-07-15
1447,Rahul,rahul14@proton.me,52,2026-07-15
1437,Harsh,harsh94@gmail.com,61,2026-07-15
1432,Nikhil,nikhil24@yahoo.com,43,2026-07-15
1448,Grace,grace94proton.me,35.0,2026-07-16
1449,Leila,leila35@yahoo.com,62.0,2026-07-16
1450,Xena,xena39@hotmail.com,43.0,2026-07-16
1451,Olivia,,20.0,2026-07-16
1452,Ishaan,ishaan85@gmail.com,72.0,2026-07-16
1453,Divya,divya54@proton.me,50.0,2026-07-16
1454,Quinn,quinn81@hotmail.com,46.0,2026-07-16
1455,Kevin,kevin91@proton.me,,2026-07-16
1456,Grace,grace71@yahoo.com,36.0,2026-07-16
1457,Carlos,carlos73@yahoo.com,,2026-07-16
1458,Divya,divya98@outlook.com,37.0,2026-07-16
1459,Mia,mia57@proton.me,42.0,2026-07-16
1460,Grace,grace19@proton.me,22.0,2026-07-16
1461,Rohan,rohan14@proton.me,36.0,2026-07-16
1462,Arjun,arjun4@outlook.com,37.0,2026-07-16
1463,Ananya,ananya77@outlook.com,61.0,2026-07-16
1464,Bella,bella30@yahoo.com,43.0,2026-07-16
1465,Ananya,ananya84@yahoo.com,68.0,2026-07-16
1465,Ananya,ananya84@yahoo.com,68.0,2026-07-16
1466,Farhan,farhan70@gmail.com,47.0,2026-07-17
1467,Ishaan,ishaan63@hotmail.com,49.0,2026-07-17
1468,Grace,grace70@proton.me,59.0,2026-07-17
1469,Kevin,kevin35@hotmail.com,39.0,2026-07-17
1470,Aisha,aisha47@proton.me,,2026-07-17
1471,Kevin,kevin59@hotmail.com,29.0,2026-07-17
1472,Tanya,tanya8@gmail.com,42.0,2026-07-17
1473,Xena,xena2@proton.me,25.0,2026-07-17
1474,Sara,sara22@yahoo.com,,2026-07-17
1475,Nikhil,nikhil85@hotmail.com,44.0,2026-07-17
1476,Harsh,harsh86@gmail.com,56.0,2026-07-17
1477,Zara,zara61@outlook.com,56.0,2026-07-17
1477,Zara,zara61@outlook.com,56.0,2026-07-17
1478,Vikram,vikram77@yahoo.com,27.0,2026-07-18
1479,Aarav,aarav42@gmail.com,30.0,2026-07-18
1480,Rahul,rahul94@hotmail.com,24.0,2026-07-18
1481,Vikram,vikram62@outlook.com,57.0,2026-07-18
1482,Arjun,arjun69@proton.me,29.0,2026-07-18
1483,Ishaan,ishaan75@outlook.com,68.0,2026-07-18
1484,Aisha,aisha22@proton.me,62.0,2026-07-18
1485,Sara,sara79@proton.me,66.0,2026-07-18
1486,Bella,bella31@hotmail.com,,2026-07-18
1487,Yash,yash56@gmail.com,63.0,2026-07-18
1488,Jaya,jaya55@proton.me,66.0,2026-07-18
1489,Divya,divya73@outlook.com,32.0,2026-07-18
1490,Aarav,aarav98@proton.me,22.0,2026-07-18
1491,Ishaan,ishaan44@proton.me,48.0,2026-07-18
1492,Nikhil,,27.0,2026-07-18
1493,Xena,xena62@outlook.com,60.0,2026-07-18
1494,Yash,yash35@yahoo.com,28.0,2026-07-18
1495,Sara,sara71@outlook.com,26.0,2026-07-18
1494,Yash,yash35@yahoo.com,28.0,2026-07-18
1496,Emma,emma91@gmail.com,75.0,2026-07-19
1497,Harsh,harsh38@outlook.com,23.0,2026-07-19
1498,Xena,xena27@yahoo.com,45.0,2026-07-19
1499,Vikram,vikram79@outlook.com,46.0,2026-07-19
1500,Aisha,,75.0,2026-07-19
1501,Tanya,tanya90@gmail.com,49.0,2026-07-19
1502,Olivia,olivia44@hotmail.com,20.0,2026-07-19
1503,Ishaan,ishaan81@gmail.com,45.0,2026-07-19
1504,Farhan,farhan76@yahoo.com,21.0,2026-07-19
1505,Nikhil,nikhil53@hotmail.com,66.0,2026-07-19
1506,Arjun,arjun27proton.me,19.0,2026-07-19
1507,Ananya,,27.0,2026-07-19
1508,Zara,zara94@yahoo.com,36.0,2026-07-19
1509,Carlos,carlos14@proton.me,38.0,2026-07-19
1510,Wendy,wendy89@outlook.com,75.0,2026-07-19
1511,Ishaan,,,2026-07-19
1512,Uma,uma69@yahoo.com,40.0,2026-07-19
1513,Xena,xena43@outlook.com,29.0,2026-07-19
1514,Zara,zara2@yahoo.com,53.0,2026-07-19
1515,Xena,xena78@yahoo.com,59.0,2026-07-19
1516,Ananya,ananya62@outlook.com,71.0,2026-07-19
1517,Tanya,tanya38@yahoo.com,63.0,2026-07-19
1518,Mia,mia63@proton.me,20.0,2026-07-19
1515,Xena,xena78@yahoo.com,59.0,2026-07-19
1519,Kevin,kevin45@outlook.com,44,2026-07-20
1520,Rohan,rohan79@gmail.com,55,2026-07-20
1521,Divya,,27,2026-07-20
1522,Xena,xena93@proton.me,40,2026-07-20
1523,Ananya,ananya45@gmail.com,66,2026-07-20
1524,Carlos,carlos68@hotmail.com,41,2026-07-20
1525,Olivia,olivia70@hotmail.com,51,2026-07-20
1526,Sara,sara55@hotmail.com,29,2026-07-20
1527,Xena,xena29@yahoo.com,35,2026-07-20
1528,Zara,zara89@outlook.com,51,2026-07-20
1529,Wendy,wendy96@outlook.com,51,2026-07-20
1530,Rohan,rohan7@yahoo.com,66,2026-07-20
1531,Ishaan,,36,2026-07-20
1532,Leila,leila9@hotmail.com,21,2026-07-20
1533,Priya,priya85@outlook.com,55,2026-07-20
1534,Ananya,ananya51@hotmail.com,45,2026-07-20
1535,Ananya,,54,2026-07-20
1536,Harsh,harsh48@gmail.com,45,2026-07-20
1537,Rohan,rohan65@hotmail.com,28,2026-07-20
1529,Wendy,wendy96@outlook.com,51,2026-07-20
1538,Zara,zara67@hotmail.com,68,2026-07-21
1539,Grace,grace38@yahoo.com,46,2026-07-21
1540,Rohan,rohan25@hotmail.com,35,2026-07-21
1541,Olivia,olivia58@gmail.com,59,2026-07-21
1542,Quinn,quinn87@hotmail.com,18,2026-07-21
1543,Arjun,arjun37@gmail.com,18,2026-07-21
1544,Bella,bella15@proton.me,63,2026-07-21
1545,Nikhil,nikhil19@hotmail.com,20,2026-07-21
1546,Mia,mia25@hotmail.com,62,2026-07-21
1547,Xena,xena54@hotmail.com,31,2026-07-21
1548,Ananya,ananya50@hotmail.com,66,2026-07-21
1549,Aisha,aisha54@outlook.com,29,2026-07-21
1550,Yash,yash62@outlook.com,32,2026-07-21
1551,Xena,xena73@outlook.com,73,2026-07-22
1552,Harsh,harsh28@gmail.com,40,2026-07-22
1553,Aisha,aisha5@proton.me,46,2026-07-22
1554,Priya,priya46@gmail.com,70,2026-07-22
1555,Divya,divya81@yahoo.com,26,2026-07-22
1556,Wendy,,60,2026-07-22
1557,Priya,priya14@hotmail.com,59,2026-07-22
1558,Xena,xena30@gmail.com,68,2026-07-22
1559,Vikram,vikram22@yahoo.com,45,2026-07-22
1560,Grace,grace16@gmail.com,26,2026-07-22
1561,Farhan,farhan16@outlook.com,18,2026-07-22
1562,Sara,sara38@gmail.com,62,2026-07-22
1563,Ananya,ananya98@yahoo.com,45,2026-07-22
1564,Tanya,tanya30@hotmail.com,57,2026-07-22
1565,Rohan,rohan2@outlook.com,48,2026-07-22
1566,Uma,uma25@hotmail.com,59,2026-07-22
1567,Sara,sara30@gmail.com,36,2026-07-22
1568,Emma,,26,2026-07-22
1569,Aisha,aisha59@yahoo.com,27,2026-07-22
1570,Emma,emma47@outlook.com,58,2026-07-22
1571,Leila,leila99@gmail.com,43,2026-07-22
1572,Leila,leila62@gmail.com,20,2026-07-22
1567,Sara,sara30@gmail.com,36,2026-07-22
1552,Harsh,harsh28@gmail.com,40,2026-07-22
1565,Rohan,rohan2@outlook.com,48,2026-07-22
1557,Priya,priya14@hotmail.com,59,2026-07-22
1573,Jaya,jaya23@hotmail.com,40.0,2026-07-23
1574,Carlos,carlos74@gmail.com,67.0,2026-07-23
1575,Ananya,ananya73@yahoo.com,56.0,2026-07-23
1576,Uma,,52.0,2026-07-23
1577,Rohan,rohan26@hotmail.com,40.0,2026-07-23
1578,Kevin,kevin51@gmail.com,75.0,2026-07-23
1579,Yash,yash76@gmail.com,68.0,2026-07-23
1580,Jaya,jaya58@outlook.com,56.0,2026-07-23
1581,Mia,mia97@hotmail.com,18.0,2026-07-23
1582,Ananya,ananya81@yahoo.com,61.0,2026-07-23
1583,Farhan,farhan16@outlook.com,55.0,2026-07-23
1584,Nikhil,nikhil24@gmail.com,70.0,2026-07-23
1585,Priya,priya99@hotmail.com,40.0,2026-07-23
1586,Olivia,olivia80@yahoo.com,37.0,2026-07-23
1587,Jaya,jaya62@outlook.com,69.0,2026-07-23
1588,Xena,xena70@yahoo.com,64.0,2026-07-23
1589,Divya,divya43outlook.com,26.0,2026-07-23
1590,Ananya,ananya89@proton.me,73.0,2026-07-23
1591,Aisha,aisha78yahoo.com,20.0,2026-07-23
1592,Aarav,aarav46@proton.me,43.0,2026-07-23
1593,Sara,,,2026-07-23
1586,Olivia,olivia80@yahoo.com,37.0,2026-07-23
1594,Ananya,ananya36@outlook.com,64.0,2026-07-24
1595,Aisha,aisha77@gmail.com,29.0,2026-07-24
1596,Tanya,tanya57@hotmail.com,71.0,2026-07-24
1597,Nikhil,nikhil18@yahoo.com,38.0,2026-07-24
1598,Sara,sara44@proton.me,73.0,2026-07-24
1599,Aarav,aarav86@outlook.com,74.0,2026-07-24
1600,Carlos,carlos60@outlook.com,72.0,2026-07-24
1601,Emma,emma79@hotmail.com,57.0,2026-07-24
1602,Kevin,kevin21@gmail.com,19.0,2026-07-24
1603,Emma,emma63@hotmail.com,68.0,2026-07-24
1604,Quinn,quinn23@proton.me,74.0,2026-07-24
1605,Arjun,arjun99@hotmail.com,73.0,2026-07-24
1606,Arjun,arjun46@yahoo.com,38.0,2026-07-24
1607,Olivia,olivia54@gmail.com,43.0,2026-07-24
1608,Kevin,kevin6@hotmail.com,35.0,2026-07-24
1609,Quinn,quinn58@gmail.com,67.0,2026-07-24
1610,Leila,,67.0,2026-07-24
1611,Zara,zara46@hotmail.com,58.0,2026-07-24
1612,Xena,xena14@proton.me,35.0,2026-07-24
1613,Olivia,olivia18@proton.me,47.0,2026-07-24
1614,Tanya,tanya95@gmail.com,29.0,2026-07-24
1615,Grace,grace7@proton.me,72.0,2026-07-24
1616,Aarav,,47.0,2026-07-24
1617,Rahul,rahul70@gmail.com,,2026-07-24
1618,Olivia,olivia2@proton.me,24.0,2026-07-24
1613,Olivia,olivia18@proton.me,47.0,2026-07-24
1618,Olivia,olivia2@proton.me,24.0,2026-07-24
1619,Carlos,carlos30@proton.me,63.0,2026-07-25
1620,Rahul,rahul8@outlook.com,39.0,2026-07-25
1621,Nikhil,nikhil36@outlook.com,29.0,2026-07-25
1622,Zara,zara65@hotmail.com,42.0,2026-07-25
1623,Farhan,,63.0,2026-07-25
1624,Carlos,,,2026-07-25
1625,Wendy,wendy48@gmail.com,26.0,2026-07-25
1626,Divya,divya21@proton.me,25.0,2026-07-25
1627,Olivia,olivia10@outlook.com,19.0,2026-07-25
1628,Sara,sara44@yahoo.com,36.0,2026-07-25
1629,Aarav,aarav78@outlook.com,73.0,2026-07-25
1630,Emma,emma83@hotmail.com,,2026-07-25
1631,Priya,priya82@proton.me,62.0,2026-07-25
1632,Uma,uma79@gmail.com,38.0,2026-07-25
1633,Carlos,carlos87@outlook.com,29.0,2026-07-25
1634,Mia,mia13@gmail.com,19.0,2026-07-25
1635,Rohan,rohan45@yahoo.com,53.0,2026-07-25
1636,Ananya,ananya11@gmail.com,19.0,2026-07-25
1637,Emma,,26.0,2026-07-25
1638,Aisha,aisha21@proton.me,73.0,2026-07-25
1639,Carlos,carlos9@gmail.com,48.0,2026-07-25
1640,Quinn,quinn89@gmail.com,26.0,2026-07-25
1641,Carlos,carlos65@yahoo.com,60.0,2026-07-25
1642,Ishaan,ishaan11@gmail.com,40.0,2026-07-26
1643,Uma,uma59@outlook.com,37.0,2026-07-26
1644,Xena,xena75yahoo.com,35.0,2026-07-26
1645,Nikhil,nikhil33@hotmail.com,61.0,2026-07-26
1646,Grace,grace36@proton.me,33.0,2026-07-26
1647,Olivia,olivia12@gmail.com,54.0,2026-07-26
1648,Yash,yash11@yahoo.com,60.0,2026-07-26
1649,Aarav,aarav10@hotmail.com,,2026-07-26
1650,Emma,emma83@proton.me,57.0,2026-07-26
1651,Divya,divya49@hotmail.com,67.0,2026-07-26
1652,Harsh,harsh52@hotmail.com,67.0,2026-07-26
1653,Olivia,olivia68@gmail.com,75.0,2026-07-26
1654,Xena,xena15@gmail.com,49.0,2026-07-26
1655,Farhan,farhan57@proton.me,60.0,2026-07-26
1656,Vikram,vikram99@outlook.com,51.0,2026-07-26
1657,Emma,,19.0,2026-07-26
1658,Grace,grace48@outlook.com,33.0,2026-07-26
1659,Grace,grace62@hotmail.com,26.0,2026-07-26
1660,Bella,bella2@hotmail.com,56.0,2026-07-26
1661,Xena,xena89@gmail.com,75.0,2026-07-26
1662,Bella,bella70@outlook.com,44.0,2026-07-26
1663,Uma,uma30@yahoo.com,53.0,2026-07-26
1664,Kevin,kevin68@hotmail.com,19.0,2026-07-26
1649,Aarav,aarav10@hotmail.com,,2026-07-26
1654,Xena,xena15@gmail.com,49.0,2026-07-26
1665,Aisha,aisha62@outlook.com,63,2026-07-27
1666,Mia,mia5@yahoo.com,70,2026-07-27
1667,Ananya,,48,2026-07-27
1668,Farhan,farhan43@hotmail.com,66,2026-07-27
1669,Sara,sara17@proton.me,22,2026-07-27
1670,Tanya,tanya60@gmail.com,26,2026-07-27
1671,Aarav,aarav16@outlook.com,37,2026-07-27
1672,Farhan,farhan6@proton.me,56,2026-07-27
1673,Farhan,farhan24@outlook.com,24,2026-07-27
1674,Bella,bella6@proton.me,22,2026-07-27
1675,Rohan,rohan27@gmail.com,60,2026-07-27
1676,Farhan,farhan26@proton.me,34,2026-07-27
1677,Farhan,farhan22@hotmail.com,36,2026-07-27
1678,Farhan,farhan13@hotmail.com,47,2026-07-27
1679,Arjun,arjun22@yahoo.com,52.0,2026-07-28
1680,Carlos,carlos25@gmail.com,36.0,2026-07-28
1681,Divya,divya51@hotmail.com,55.0,2026-07-28
1682,Uma,uma76@yahoo.com,26.0,2026-07-28
1683,Carlos,carlos80@outlook.com,39.0,2026-07-28
1684,Uma,uma94outlook.com,42.0,2026-07-28
1685,Harsh,harsh46@outlook.com,66.0,2026-07-28
1686,Yash,yash97@gmail.com,19.0,2026-07-28
1687,Uma,uma94@gmail.com,,2026-07-28
1688,Vikram,vikram3@proton.me,53.0,2026-07-28
1689,Kevin,kevin92@hotmail.com,73.0,2026-07-28
1690,Divya,,49.0,2026-07-28
1691,Harsh,harsh61@yahoo.com,68.0,2026-07-28
1692,Nikhil,nikhil1proton.me,68.0,2026-07-28
1693,Ananya,ananya59@hotmail.com,25.0,2026-07-28
1694,Olivia,olivia84@gmail.com,55.0,2026-07-28
1695,Tanya,tanya66outlook.com,18.0,2026-07-28
1696,Bella,bella97@gmail.com,22.0,2026-07-28
1697,Olivia,olivia45@proton.me,60,2026-07-29
1698,Mia,mia9@yahoo.com,59,2026-07-29
1699,Jaya,jaya29yahoo.com,57,2026-07-29
1700,Farhan,farhan52@outlook.com,57,2026-07-29
1701,Vikram,vikram71@gmail.com,58,2026-07-29
1702,Yash,yash72@gmail.com,28,2026-07-29
1703,Rohan,rohan96@outlook.com,31,2026-07-29
1704,Sara,sara19@proton.me,37,2026-07-29
1705,Aarav,aarav26@gmail.com,73,2026-07-29
1706,Farhan,farhan54@proton.me,62,2026-07-29
1707,Rahul,rahul87hotmail.com,66,2026-07-29
1708,Vikram,vikram85@hotmail.com,38,2026-07-29
1709,Vikram,vikram97@hotmail.com,62,2026-07-29
1710,Aisha,aisha52@yahoo.com,67,2026-07-29
1708,Vikram,vikram85@hotmail.com,38,2026-07-29
1707,Rahul,rahul87hotmail.com,66,2026-07-29
1711,Vikram,vikram83@yahoo.com,28,2026-07-30
1712,Aarav,aarav4@gmail.com,60,2026-07-30
1713,Aarav,aarav26@yahoo.com,28,2026-07-30
1714,Carlos,carlos28@outlook.com,32,2026-07-30
1715,Sara,sara70@proton.me,49,2026-07-30
1716,Rohan,rohan82@gmail.com,61,2026-07-30
1717,Grace,grace56@gmail.com,36,2026-07-30
1718,Arjun,arjun82gmail.com,50,2026-07-30
1719,Xena,xena62@proton.me,72,2026-07-30
1720,Vikram,vikram15@yahoo.com,41,2026-07-30
1721,Kevin,kevin67@proton.me,55,2026-07-30
1722,Carlos,carlos80@outlook.com,68,2026-07-30
1723,Ishaan,ishaan38@proton.me,30,2026-07-30
1724,Kevin,kevin84@gmail.com,68,2026-07-30
1725,Harsh,harsh69@hotmail.com,31,2026-07-30
1726,Yash,yash12@hotmail.com,50,2026-07-30
1727,Jaya,jaya55@gmail.com,27.0,2026-07-31
1728,Nikhil,nikhil95@outlook.com,59.0,2026-07-31
1729,Yash,yash98@outlook.com,40.0,2026-07-31
1730,Wendy,wendy45@hotmail.com,29.0,2026-07-31
1731,Leila,leila89@proton.me,22.0,2026-07-31
1732,Kevin,,72.0,2026-07-31
1733,Farhan,farhan86@gmail.com,28.0,2026-07-31
1734,Rohan,,,2026-07-31
1735,Priya,priya36@yahoo.com,29.0,2026-07-31
1736,Uma,uma76@proton.me,70.0,2026-07-31
1737,Arjun,arjun95@hotmail.com,43.0,2026-07-31
1738,Uma,uma3@yahoo.com,65.0,2026-07-31
1739,Sara,,46.0,2026-07-31
1740,Grace,grace43@hotmail.com,54.0,2026-07-31
1741,Harsh,harsh91@gmail.com,44.0,2026-07-31
1730,Wendy,wendy45@hotmail.com,29.0,2026-07-31
1742,Mia,mia55@outlook.com,60,2026-08-01
1743,Leila,,61,2026-08-01
1744,Kevin,kevin77@outlook.com,39,2026-08-01
1745,Emma,emma39@gmail.com,59,2026-08-01
1746,Olivia,olivia75@hotmail.com,65,2026-08-01
1747,Rahul,rahul5@proton.me,57,2026-08-01
1748,Olivia,olivia59@proton.me,28,2026-08-01
1749,Aarav,aarav16@outlook.com,72,2026-08-01
1750,Arjun,arjun89@outlook.com,71,2026-08-01
1751,Divya,divya68@gmail.com,26,2026-08-01
1752,Carlos,carlos51@hotmail.com,30,2026-08-01
1753,Olivia,olivia37@hotmail.com,40,2026-08-01
1754,Grace,grace49@hotmail.com,46,2026-08-01
1755,Uma,uma4@hotmail.com,42,2026-08-01
1756,Aisha,aisha10@proton.me,27,2026-08-01
1757,Rohan,rohan9@yahoo.com,55,2026-08-01
1758,Yash,yash18@yahoo.com,70,2026-08-01
1759,Rohan,rohan44@outlook.com,50,2026-08-01
1760,Uma,uma81@gmail.com,37,2026-08-01
1761,Bella,bella75@yahoo.com,34,2026-08-01
1762,Ananya,ananya17@gmail.com,47,2026-08-01
1763,Rahul,rahul50@hotmail.com,32,2026-08-01
1764,Ananya,ananya13@yahoo.com,25,2026-08-01
1765,Bella,bella6@proton.me,27.0,2026-08-02
1766,Bella,bella22@hotmail.com,28.0,2026-08-02
1767,Vikram,vikram61@yahoo.com,62.0,2026-08-02
1768,Aisha,aisha31@outlook.com,18.0,2026-08-02
1769,Uma,uma35@gmail.com,47.0,2026-08-02
1770,Rohan,rohan63@hotmail.com,23.0,2026-08-02
1771,Tanya,tanya75@proton.me,28.0,2026-08-02
1772,Emma,emma95@yahoo.com,26.0,2026-08-02
1773,Rohan,rohan10proton.me,64.0,2026-08-02
1774,Sara,sara32@proton.me,32.0,2026-08-02
1775,Kevin,kevin46@gmail.com,19.0,2026-08-02
1776,Jaya,jaya98@yahoo.com,26.0,2026-08-02
1777,Arjun,,21.0,2026-08-02
1778,Leila,leila10@gmail.com,45.0,2026-08-02
1779,Grace,grace14hotmail.com,47.0,2026-08-02
1780,Ishaan,ishaan46@proton.me,53.0,2026-08-02
1781,Emma,emma86@proton.me,29.0,2026-08-02
1782,Leila,leila87@hotmail.com,35.0,2026-08-02
1783,Arjun,arjun23@proton.me,34.0,2026-08-02
1784,Zara,zara88@outlook.com,72.0,2026-08-02
1785,Aisha,aisha60@gmail.com,,2026-08-02
1776,Jaya,jaya98@yahoo.com,26.0,2026-08-02
1786,Arjun,arjun99@yahoo.com,62.0,2026-08-03
1787,Ishaan,ishaan28@yahoo.com,40.0,2026-08-03
1788,Nikhil,nikhil63@outlook.com,,2026-08-03
1789,Xena,xena71@gmail.com,56.0,2026-08-03
1790,Divya,divya59@hotmail.com,53.0,2026-08-03
1791,Jaya,jaya98@gmail.com,68.0,2026-08-03
1792,Ishaan,ishaan64@yahoo.com,31.0,2026-08-03
1793,Carlos,carlos5@yahoo.com,37.0,2026-08-03
1794,Xena,xena71@proton.me,48.0,2026-08-03
1795,Divya,divya20@proton.me,34.0,2026-08-03
1796,Aarav,aarav59@hotmail.com,74.0,2026-08-03
1797,Priya,,30.0,2026-08-03
1798,Aisha,aisha64@yahoo.com,,2026-08-03
1799,Arjun,arjun63@outlook.com,,2026-08-03
1800,Harsh,,59.0,2026-08-03
1801,Aisha,aisha75@yahoo.com,59.0,2026-08-03
1802,Mia,mia22@proton.me,68.0,2026-08-03
1803,Kevin,kevin59@outlook.com,71.0,2026-08-03
1804,Ishaan,ishaan39yahoo.com,61.0,2026-08-03
1805,Divya,divya16@outlook.com,18,2026-08-04
1806,Tanya,tanya86@hotmail.com,69,2026-08-04
1807,Zara,zara53@yahoo.com,41,2026-08-04
1808,Aisha,aisha90proton.me,54,2026-08-04
1809,Ishaan,ishaan20@proton.me,30,2026-08-04
1810,Bella,bella98@proton.me,53,2026-08-04
1811,Sara,sara66@proton.me,55,2026-08-04
1812,Jaya,jaya23@yahoo.com,27,2026-08-04
1813,Grace,grace46@hotmail.com,73,2026-08-04
1814,Aisha,aisha37@yahoo.com,75,2026-08-04
1815,Aarav,aarav68@gmail.com,47,2026-08-04
1816,Grace,grace98@proton.me,40,2026-08-04
1817,Ishaan,ishaan34@outlook.com,20,2026-08-04
1818,Leila,leila12@proton.me,36,2026-08-04
1813,Grace,grace46@hotmail.com,73,2026-08-04
1819,Xena,xena25@hotmail.com,29.0,2026-08-05
1820,Uma,uma73@yahoo.com,68.0,2026-08-05
1821,Rahul,rahul72@yahoo.com,61.0,2026-08-05
1822,Sara,sara89@yahoo.com,37.0,2026-08-05
1823,Rahul,rahul24@yahoo.com,65.0,2026-08-05
1824,Ananya,ananya99@gmail.com,45.0,2026-08-05
1825,Emma,emma61@proton.me,22.0,2026-08-05
1826,Sara,sara68@hotmail.com,36.0,2026-08-05
1827,Ishaan,ishaan76@hotmail.com,74.0,2026-08-05
1828,Priya,priya53@proton.me,,2026-08-05
1829,Olivia,olivia3@outlook.com,37.0,2026-08-05
1830,Harsh,,62.0,2026-08-05
1831,Xena,xena39@proton.me,67.0,2026-08-05
1832,Emma,emma29@proton.me,51.0,2026-08-05
1833,Wendy,wendy44@proton.me,47.0,2026-08-05
1824,Ananya,ananya99@gmail.com,45.0,2026-08-05
1834,Divya,divya3@gmail.com,59,2026-08-06
1835,Bella,bella84@yahoo.com,65,2026-08-06
1836,Mia,,59,2026-08-06
1837,Carlos,carlos14@gmail.com,19,2026-08-06
1838,Quinn,quinn83@proton.me,71,2026-08-06
1839,Mia,mia59@outlook.com,48,2026-08-06
1840,Emma,,62,2026-08-06
1841,Carlos,carlos23@outlook.com,63,2026-08-06
1842,Carlos,carlos2@hotmail.com,32,2026-08-06
1843,Mia,mia19@gmail.com,31,2026-08-06
1844,Aisha,aisha51@yahoo.com,30,2026-08-06
1845,Xena,xena78@yahoo.com,70,2026-08-06
1846,Rahul,rahul96@yahoo.com,58,2026-08-06
1847,Quinn,quinn75@gmail.com,33,2026-08-06
1848,Grace,grace12proton.me,56,2026-08-06
1849,Zara,zara43@hotmail.com,41,2026-08-06
1850,Farhan,farhan10@proton.me,29,2026-08-06
1834,Divya,divya3@gmail.com,59,2026-08-06
1851,Rahul,rahul75@yahoo.com,,2026-08-07
1852,Aarav,aarav64@hotmail.com,39.0,2026-08-07
1853,Aisha,aisha20@outlook.com,52.0,2026-08-07
1854,Uma,,36.0,2026-08-07
1855,Mia,mia6@yahoo.com,42.0,2026-08-07
1856,Wendy,wendy26@gmail.com,28.0,2026-08-07
1857,Ishaan,ishaan42@hotmail.com,56.0,2026-08-07
1858,Rahul,rahul37@outlook.com,52.0,2026-08-07
1859,Yash,,23.0,2026-08-07
1860,Mia,mia9@hotmail.com,63.0,2026-08-07
1861,Kevin,kevin60@gmail.com,72.0,2026-08-07
1862,Yash,yash92@gmail.com,36.0,2026-08-08
1863,Arjun,arjun63@hotmail.com,20.0,2026-08-08
1864,Tanya,tanya4@outlook.com,50.0,2026-08-08
1865,Aarav,aarav28proton.me,31.0,2026-08-08
1866,Quinn,quinn65@proton.me,65.0,2026-08-08
1867,Ishaan,ishaan13@proton.me,70.0,2026-08-08
1868,Wendy,wendy57@gmail.com,69.0,2026-08-08
1869,Priya,priya57yahoo.com,36.0,2026-08-08
1870,Nikhil,nikhil43@gmail.com,73.0,2026-08-08
1871,Ishaan,ishaan76@gmail.com,24.0,2026-08-08
1872,Sara,sara55@outlook.com,43.0,2026-08-08
1873,Vikram,vikram32@yahoo.com,34.0,2026-08-08
1874,Arjun,arjun28@yahoo.com,33.0,2026-08-08
1875,Xena,xena8outlook.com,75.0,2026-08-08
1876,Arjun,arjun16@hotmail.com,67.0,2026-08-08
1877,Kevin,kevin57@hotmail.com,71.0,2026-08-08
1878,Vikram,vikram70@outlook.com,41.0,2026-08-08
1879,Ananya,ananya89@gmail.com,20.0,2026-08-08
1880,Tanya,tanya37@outlook.com,,2026-08-08
1881,Mia,mia31@gmail.com,66.0,2026-08-08
1882,Priya,priya59@proton.me,29.0,2026-08-08
1883,Mia,mia44@proton.me,46.0,2026-08-08
1884,Uma,uma29@gmail.com,56.0,2026-08-08
1872,Sara,sara55@outlook.com,43.0,2026-08-08
1863,Arjun,arjun63@hotmail.com,20.0,2026-08-08
1885,Wendy,wendy26@outlook.com,29,2026-08-09
1886,Harsh,harsh4@yahoo.com,20,2026-08-09
1887,Rohan,rohan49@proton.me,28,2026-08-09
1888,Nikhil,nikhil95@hotmail.com,51,2026-08-09
1889,Uma,uma45@gmail.com,58,2026-08-09
1890,Olivia,olivia56@hotmail.com,71,2026-08-09
1891,Kevin,kevin31@outlook.com,74,2026-08-09
1892,Mia,mia69@proton.me,66,2026-08-09
1893,Nikhil,nikhil86@outlook.com,55,2026-08-09
1894,Zara,zara61@proton.me,39,2026-08-09
1892,Mia,mia69@proton.me,66,2026-08-09
1887,Rohan,rohan49@proton.me,28,2026-08-09
1895,Aisha,aisha27@gmail.com,58,2026-08-10
1896,Emma,emma48@yahoo.com,47,2026-08-10
1897,Jaya,jaya74@gmail.com,19,2026-08-10
1898,Kevin,kevin87@gmail.com,52,2026-08-10
1899,Bella,bella51@proton.me,60,2026-08-10
1900,Bella,bella40@proton.me,75,2026-08-10
1901,Farhan,farhan94@gmail.com,59,2026-08-10
1902,Tanya,tanya26@gmail.com,28,2026-08-10
1903,Aisha,aisha83@proton.me,19,2026-08-10
1904,Priya,priya13@hotmail.com,60,2026-08-10
1905,Emma,emma62@hotmail.com,45,2026-08-10
1906,Zara,zara1@proton.me,61,2026-08-10
1907,Kevin,kevin24@gmail.com,44,2026-08-10
1908,Tanya,tanya76@outlook.com,68,2026-08-10
1909,Ananya,ananya56@outlook.com,59,2026-08-10
1910,Arjun,arjun86@hotmail.com,53,2026-08-10
1911,Sara,sara57@proton.me,31,2026-08-10
1912,Carlos,,42,2026-08-10
1913,Priya,priya8@gmail.com,62,2026-08-10
1914,Uma,uma69@proton.me,30,2026-08-10
1915,Wendy,wendy14@outlook.com,66,2026-08-10
1916,Xena,xena8@yahoo.com,61,2026-08-10
1917,Kevin,kevin42@proton.me,58,2026-08-10
1918,Uma,uma42@yahoo.com,34,2026-08-10
1906,Zara,zara1@proton.me,61,2026-08-10
1919,Uma,uma15@gmail.com,31.0,2026-08-11
1920,Farhan,farhan55@yahoo.com,43.0,2026-08-11
1921,Quinn,quinn46@yahoo.com,46.0,2026-08-11
1922,Arjun,arjun35@gmail.com,48.0,2026-08-11
1923,Emma,emma53@outlook.com,48.0,2026-08-11
1924,Bella,bella97@gmail.com,73.0,2026-08-11
1925,Yash,,58.0,2026-08-11
1926,Rohan,rohan78@gmail.com,,2026-08-11
1927,Quinn,quinn5@outlook.com,71.0,2026-08-11
1928,Sara,sara21@hotmail.com,32.0,2026-08-11
1929,Ananya,ananya45@outlook.com,31.0,2026-08-11
1930,Harsh,harsh52@hotmail.com,65.0,2026-08-11
1931,Quinn,quinn12@hotmail.com,,2026-08-11
1932,Quinn,quinn65yahoo.com,,2026-08-11
1933,Kevin,kevin64@outlook.com,39.0,2026-08-11
1934,Uma,uma14@outlook.com,42.0,2026-08-11
1935,Rahul,rahul76@proton.me,,2026-08-11
1936,Sara,sara5@yahoo.com,25.0,2026-08-11
1937,Ananya,ananya18@yahoo.com,73.0,2026-08-11
1938,Xena,xena99@proton.me,40.0,2026-08-11
1939,Arjun,arjun90@yahoo.com,35.0,2026-08-11
1931,Quinn,quinn12@hotmail.com,,2026-08-11
1924,Bella,bella97@gmail.com,73.0,2026-08-11
1934,Uma,uma14@outlook.com,42.0,2026-08-11
1936,Sara,sara5@yahoo.com,25.0,2026-08-11
1940,Ishaan,ishaan96@hotmail.com,18.0,2026-08-12
1941,Divya,divya17@hotmail.com,41.0,2026-08-12
1942,Olivia,olivia55@hotmail.com,66.0,2026-08-12
1943,Nikhil,,54.0,2026-08-12
1944,Rohan,rohan29@hotmail.com,73.0,2026-08-12
1945,Vikram,vikram17@hotmail.com,39.0,2026-08-12
1946,Priya,priya85@hotmail.com,41.0,2026-08-12
1947,Yash,yash23@hotmail.com,51.0,2026-08-12
1948,Sara,,56.0,2026-08-12
1949,Rahul,rahul23@outlook.com,48.0,2026-08-12
1950,Sara,sara97@outlook.com,34.0,2026-08-12
1951,Aisha,aisha62@outlook.com,63.0,2026-08-12
1952,Arjun,arjun42@yahoo.com,36.0,2026-08-12
1953,Divya,divya30@hotmail.com,34.0,2026-08-12
1954,Bella,bella50@gmail.com,28.0,2026-08-12
1955,Yash,yash18@yahoo.com,61.0,2026-08-12
1956,Xena,xena47@outlook.com,32.0,2026-08-12
1957,Jaya,jaya32@hotmail.com,69.0,2026-08-12
1958,Quinn,quinn68@outlook.com,69.0,2026-08-12
1959,Mia,mia39outlook.com,26.0,2026-08-12
1960,Mia,mia57@gmail.com,43.0,2026-08-12
1961,Sara,sara42@gmail.com,,2026-08-12
1962,Tanya,tanya93@outlook.com,72.0,2026-08-12
1963,Harsh,harsh64@hotmail.com,46.0,2026-08-12
1964,Jaya,,35.0,2026-08-12
1955,Yash,yash18@yahoo.com,61.0,2026-08-12
1953,Divya,divya30@hotmail.com,34.0,2026-08-12
1940,Ishaan,ishaan96@hotmail.com,18.0,2026-08-12
1965,Harsh,harsh4@hotmail.com,62,2026-08-13
1966,Carlos,carlos12@yahoo.com,50,2026-08-13
1967,Aisha,aisha70@yahoo.com,24,2026-08-13
1968,Zara,zara49outlook.com,49,2026-08-13
1969,Wendy,wendy62@hotmail.com,27,2026-08-13
1970,Bella,bella50@proton.me,59,2026-08-13
1971,Priya,priya94@proton.me,38,2026-08-13
1972,Nikhil,nikhil95@outlook.com,45,2026-08-13
1973,Mia,mia5@yahoo.com,41,2026-08-13
1974,Kevin,kevin56@outlook.com,65,2026-08-13
1975,Kevin,kevin26@yahoo.com,54,2026-08-13
1976,Uma,uma24@yahoo.com,55,2026-08-13
1977,Mia,mia65@outlook.com,24,2026-08-13
1978,Aisha,aisha46@yahoo.com,66,2026-08-13
1979,Arjun,arjun70@yahoo.com,26,2026-08-13
1980,Ananya,ananya20@proton.me,36,2026-08-13
1981,Uma,uma89@hotmail.com,59,2026-08-13
1982,Tanya,tanya77@yahoo.com,63,2026-08-13
1983,Quinn,quinn41@gmail.com,54,2026-08-13
1984,Rohan,rohan17@gmail.com,49,2026-08-13
1985,Farhan,farhan64@gmail.com,41,2026-08-13
1986,Carlos,carlos31@gmail.com,45,2026-08-13
1979,Arjun,arjun70@yahoo.com,26,2026-08-13
1987,Rahul,rahul79@gmail.com,44.0,2026-08-14
1988,Mia,mia82@outlook.com,54.0,2026-08-14
1989,Kevin,kevin93@outlook.com,66.0,2026-08-14
1990,Aisha,aisha33@proton.me,46.0,2026-08-14
1991,Divya,divya77@gmail.com,63.0,2026-08-14
1992,Divya,divya37@hotmail.com,62.0,2026-08-14
1993,Ishaan,,46.0,2026-08-14
1994,Mia,mia73@yahoo.com,68.0,2026-08-14
1995,Quinn,quinn86@hotmail.com,33.0,2026-08-14
1996,Grace,grace73@hotmail.com,75.0,2026-08-14
1997,Wendy,wendy87@hotmail.com,65.0,2026-08-14
1998,Bella,bella35@hotmail.com,74.0,2026-08-14
1999,Quinn,,66.0,2026-08-14
2000,Yash,yash65@proton.me,49.0,2026-08-14
2001,Kevin,kevin69@hotmail.com,56.0,2026-08-14
2002,Rahul,rahul31@proton.me,,2026-08-14
2003,Olivia,olivia47@proton.me,23.0,2026-08-14
2004,Tanya,tanya37@yahoo.com,55.0,2026-08-14
2005,Divya,divya62@outlook.com,72.0,2026-08-14
2006,Nikhil,nikhil65@yahoo.com,32.0,2026-08-14
2007,Yash,yash59@yahoo.com,34.0,2026-08-14
2008,Mia,mia7@outlook.com,,2026-08-14
1989,Kevin,kevin93@outlook.com,66.0,2026-08-14
2009,Bella,bella75@yahoo.com,41,2026-08-15
2010,Aisha,aisha16@outlook.com,68,2026-08-15
2011,Nikhil,nikhil60@gmail.com,20,2026-08-15
2012,Wendy,wendy3@gmail.com,65,2026-08-15
2013,Xena,,70,2026-08-15
2014,Arjun,arjun29@gmail.com,26,2026-08-15
2015,Aarav,aarav67@gmail.com,30,2026-08-15
2016,Wendy,wendy70@hotmail.com,44,2026-08-15
2017,Rahul,rahul29@outlook.com,31,2026-08-15
2018,Emma,,37,2026-08-15
2019,Emma,emma70@gmail.com,61,2026-08-15
2020,Arjun,arjun91@proton.me,36,2026-08-15
2021,Zara,zara87@yahoo.com,48,2026-08-15
2022,Harsh,harsh15@yahoo.com,73,2026-08-15
2023,Aarav,aarav39@gmail.com,61,2026-08-15
2024,Leila,leila79@yahoo.com,35,2026-08-15
2025,Farhan,farhan66@proton.me,35,2026-08-16
2026,Aarav,aarav79@yahoo.com,36,2026-08-16
2027,Ishaan,ishaan53@proton.me,51,2026-08-16
2028,Rahul,rahul25@proton.me,37,2026-08-16
2029,Jaya,jaya63@proton.me,35,2026-08-16
2030,Olivia,olivia80@hotmail.com,53,2026-08-16
2031,Olivia,olivia68@hotmail.com,27,2026-08-16
2032,Uma,uma3@yahoo.com,75,2026-08-16
2033,Aarav,aarav24@proton.me,54,2026-08-16
2034,Harsh,harsh41@proton.me,35,2026-08-16
2035,Ananya,ananya46@proton.me,25,2026-08-16
2036,Uma,uma34@gmail.com,47,2026-08-17
2037,Nikhil,nikhil43@proton.me,43,2026-08-17
2038,Farhan,farhan80@yahoo.com,36,2026-08-17
2039,Harsh,harsh50@yahoo.com,29,2026-08-17
2040,Mia,mia91@outlook.com,73,2026-08-17
2041,Mia,mia43@outlook.com,68,2026-08-17
2042,Xena,xena49@hotmail.com,66,2026-08-17
2043,Yash,yash94@proton.me,49,2026-08-17
2044,Wendy,wendy40@gmail.com,71,2026-08-17
2045,Aarav,aarav49@hotmail.com,46,2026-08-17
2046,Ananya,,28,2026-08-17
2047,Xena,xena54@yahoo.com,46,2026-08-17
2048,Carlos,carlos73@gmail.com,31,2026-08-17
2049,Farhan,farhan69@hotmail.com,74,2026-08-17
2050,Xena,xena62@proton.me,37,2026-08-17
2048,Carlos,carlos73@gmail.com,31,2026-08-17
2051,Harsh,harsh30@outlook.com,58.0,2026-08-18
2052,Priya,,74.0,2026-08-18
2053,Zara,zara21@yahoo.com,63.0,2026-08-18
2054,Mia,mia88@yahoo.com,,2026-08-18
2055,Mia,mia65@outlook.com,60.0,2026-08-18
2056,Ananya,ananya94@yahoo.com,34.0,2026-08-18
2057,Ananya,ananya6@yahoo.com,31.0,2026-08-18
2058,Carlos,carlos93@outlook.com,66.0,2026-08-18
2059,Arjun,arjun1@proton.me,54.0,2026-08-18
2060,Arjun,arjun55@yahoo.com,25.0,2026-08-18
2061,Jaya,jaya20@outlook.com,74.0,2026-08-18
2062,Quinn,quinn32@hotmail.com,28.0,2026-08-18
2063,Mia,mia23@gmail.com,26.0,2026-08-18
2064,Mia,mia49@gmail.com,43.0,2026-08-18
2065,Emma,emma6@hotmail.com,38.0,2026-08-18
2066,Quinn,quinn21@proton.me,70.0,2026-08-18
2067,Leila,leila54@hotmail.com,74.0,2026-08-18
2068,Quinn,quinn84@yahoo.com,30.0,2026-08-18
2069,Arjun,arjun29@gmail.com,56,2026-08-19
2070,Mia,,38,2026-08-19
2071,Kevin,kevin21@outlook.com,42,2026-08-19
2072,Aisha,aisha38outlook.com,64,2026-08-19
2073,Carlos,,49,2026-08-19
2074,Xena,xena68@proton.me,52,2026-08-19
2075,Harsh,harsh2@hotmail.com,67,2026-08-19
2076,Farhan,farhan32@hotmail.com,24,2026-08-19
2077,Uma,uma51@gmail.com,56,2026-08-19
2078,Xena,xena24@hotmail.com,32,2026-08-19
2079,Farhan,farhan35@yahoo.com,71,2026-08-19
2080,Farhan,farhan89@gmail.com,46,2026-08-19
2081,Uma,uma39proton.me,32,2026-08-19
2082,Mia,mia65@yahoo.com,45,2026-08-19
2083,Wendy,,39,2026-08-19
2084,Quinn,quinn82@hotmail.com,21,2026-08-19
2085,Grace,grace13@yahoo.com,75,2026-08-19
2086,Harsh,,26,2026-08-19
2087,Aisha,aisha15@hotmail.com,31,2026-08-19
2088,Sara,sara39@proton.me,45,2026-08-19
2089,Mia,,48.0,2026-08-20
2090,Farhan,farhan37@hotmail.com,51.0,2026-08-20
2091,Divya,divya41yahoo.com,,2026-08-20
2092,Quinn,,39.0,2026-08-20
2093,Zara,zara41@yahoo.com,24.0,2026-08-20
2094,Vikram,vikram21@proton.me,74.0,2026-08-20
2095,Wendy,wendy81@yahoo.com,74.0,2026-08-20
2096,Grace,grace8@proton.me,42.0,2026-08-20
2097,Rahul,rahul60@gmail.com,33.0,2026-08-20
2098,Divya,divya1@outlook.com,42.0,2026-08-20
2099,Arjun,arjun17@hotmail.com,69.0,2026-08-20
2100,Leila,,45.0,2026-08-20
2101,Aisha,aisha50@outlook.com,42.0,2026-08-20
2093,Zara,zara41@yahoo.com,24.0,2026-08-20
2102,Divya,divya72@gmail.com,29.0,2026-08-21
2103,Divya,divya26@hotmail.com,25.0,2026-08-21
2104,Rohan,rohan40@yahoo.com,37.0,2026-08-21
2105,Mia,mia95@hotmail.com,20.0,2026-08-21
2106,Yash,yash74@hotmail.com,61.0,2026-08-21
2107,Uma,uma91@proton.me,49.0,2026-08-21
2108,Kevin,kevin4@hotmail.com,43.0,2026-08-21
2109,Yash,yash22@hotmail.com,57.0,2026-08-21
2110,Emma,emma29@outlook.com,72.0,2026-08-21
2111,Harsh,harsh91@outlook.com,73.0,2026-08-21
2112,Kevin,kevin58@yahoo.com,63.0,2026-08-21
2113,Wendy,wendy20@hotmail.com,48.0,2026-08-21
2114,Mia,mia7@gmail.com,69.0,2026-08-21
2115,Priya,priya25@outlook.com,30.0,2026-08-21
2116,Xena,xena98@outlook.com,31.0,2026-08-21
2117,Xena,xena10@yahoo.com,,2026-08-21
2118,Grace,grace88@yahoo.com,37.0,2026-08-21
2119,Harsh,harsh12@proton.me,36.0,2026-08-21
2120,Sara,sara24@yahoo.com,72.0,2026-08-21
2121,Xena,xena88@yahoo.com,38.0,2026-08-21
2122,Rohan,,29.0,2026-08-21
2123,Vikram,vikram81@gmail.com,35.0,2026-08-21
2124,Emma,emma95@yahoo.com,,2026-08-21
2125,Arjun,arjun66@outlook.com,30.0,2026-08-21
2116,Xena,xena98@outlook.com,31.0,2026-08-21
2110,Emma,emma29@outlook.com,72.0,2026-08-21
2106,Yash,yash74@hotmail.com,61.0,2026-08-21
2109,Yash,yash22@hotmail.com,57.0,2026-08-21
2120,Sara,sara24@yahoo.com,72.0,2026-08-21
2126,Ananya,ananya45@proton.me,36,2026-08-22
2127,Emma,emma20@proton.me,64,2026-08-22
2128,Divya,divya13@proton.me,51,2026-08-22
2129,Rahul,rahul41@proton.me,64,2026-08-22
2130,Nikhil,nikhil90@proton.me,25,2026-08-22
2131,Vikram,,44,2026-08-22
2132,Zara,zara36@proton.me,48,2026-08-22
2133,Divya,divya34@proton.me,46,2026-08-22
2134,Vikram,vikram66@proton.me,22,2026-08-22
2135,Farhan,farhan3@proton.me,34,2026-08-22
2136,Ananya,ananya60@gmail.com,62,2026-08-22
2137,Uma,uma3@hotmail.com,19,2026-08-22
2138,Arjun,arjun10@outlook.com,35,2026-08-22
2139,Olivia,olivia70@hotmail.com,50,2026-08-22
2140,Aisha,aisha50@gmail.com,61,2026-08-22
2141,Emma,emma34@yahoo.com,59,2026-08-22
2142,Grace,grace71@gmail.com,47,2026-08-22
2143,Leila,,60,2026-08-22
2144,Aisha,aisha33@yahoo.com,72,2026-08-22
2145,Zara,zara35@outlook.com,38,2026-08-22
2146,Wendy,wendy55@outlook.com,34,2026-08-22
2147,Carlos,carlos19@outlook.com,20,2026-08-23
2148,Rohan,rohan49@proton.me,72,2026-08-23
2149,Zara,zara48@proton.me,75,2026-08-23
2150,Quinn,quinn90@yahoo.com,62,2026-08-23
2151,Farhan,farhan92@hotmail.com,38,2026-08-23
2152,Tanya,tanya35@hotmail.com,57,2026-08-23
2153,Ishaan,ishaan32@gmail.com,71,2026-08-23
2154,Rahul,rahul66@yahoo.com,27,2026-08-23
2155,Tanya,,70,2026-08-23
2156,Rahul,rahul4@yahoo.com,59,2026-08-23
2157,Tanya,tanya15outlook.com,43,2026-08-23
2158,Jaya,jaya23@hotmail.com,73,2026-08-23
2159,Vikram,vikram18@yahoo.com,54,2026-08-23
2160,Arjun,,51,2026-08-23
2161,Olivia,olivia56@outlook.com,75,2026-08-23
2162,Yash,yash44proton.me,48,2026-08-23
2161,Olivia,olivia56@outlook.com,75,2026-08-23
2161,Olivia,olivia56@outlook.com,75,2026-08-23
2163,Rahul,rahul31@yahoo.com,55.0,2026-08-24
2164,Grace,grace96@hotmail.com,52.0,2026-08-24
2165,Ananya,ananya6@outlook.com,46.0,2026-08-24
2166,Harsh,harsh79@yahoo.com,65.0,2026-08-24
2167,Leila,leila13@proton.me,66.0,2026-08-24
2168,Kevin,kevin58@yahoo.com,32.0,2026-08-24
2169,Bella,bella51@proton.me,25.0,2026-08-24
2170,Wendy,wendy29@hotmail.com,61.0,2026-08-24
2171,Harsh,harsh82@yahoo.com,50.0,2026-08-24
2172,Bella,bella90@proton.me,33.0,2026-08-24
2173,Kevin,kevin63@yahoo.com,,2026-08-24
2174,Carlos,carlos66@yahoo.com,19.0,2026-08-24
2175,Wendy,wendy45@proton.me,68.0,2026-08-24
2176,Kevin,kevin95@proton.me,29.0,2026-08-24
2177,Bella,bella96@hotmail.com,48.0,2026-08-24
2178,Mia,mia62@proton.me,30.0,2026-08-24
2179,Nikhil,nikhil52@yahoo.com,28.0,2026-08-24
2180,Quinn,quinn6@outlook.com,41.0,2026-08-24
2181,Quinn,quinn50@proton.me,40.0,2026-08-24
2182,Mia,mia68@proton.me,53.0,2026-08-24
2177,Bella,bella96@hotmail.com,48.0,2026-08-24
2173,Kevin,kevin63@yahoo.com,,2026-08-24
2175,Wendy,wendy45@proton.me,68.0,2026-08-24
2183,Bella,bella50@gmail.com,22.0,2026-08-25
2184,Wendy,wendy34@hotmail.com,40.0,2026-08-25
2185,Aisha,aisha6@proton.me,56.0,2026-08-25
2186,Kevin,kevin96@gmail.com,68.0,2026-08-25
2187,Rohan,rohan73@hotmail.com,33.0,2026-08-25
2188,Aarav,aarav18@yahoo.com,30.0,2026-08-25
2189,Aisha,aisha54@gmail.com,66.0,2026-08-25
2190,Ishaan,ishaan51@hotmail.com,28.0,2026-08-25
2191,Bella,,30.0,2026-08-25
2192,Tanya,tanya32@hotmail.com,57.0,2026-08-25
2193,Bella,bella95@outlook.com,42.0,2026-08-25
2194,Quinn,quinn47@gmail.com,32.0,2026-08-25
2195,Quinn,quinn60@yahoo.com,25.0,2026-08-25
2196,Yash,yash1@gmail.com,30.0,2026-08-25
2197,Carlos,carlos8@outlook.com,73.0,2026-08-25
2198,Harsh,harsh96@hotmail.com,58.0,2026-08-25
2199,Quinn,quinn80@outlook.com,28.0,2026-08-25
2200,Sara,sara22@outlook.com,,2026-08-25
2201,Sara,,34.0,2026-08-25
2202,Vikram,vikram88yahoo.com,21.0,2026-08-25
2203,Aarav,aarav64@gmail.com,49.0,2026-08-25
2204,Divya,divya34@yahoo.com,29.0,2026-08-25
2205,Carlos,carlos53@outlook.com,54.0,2026-08-25
2191,Bella,,30.0,2026-08-25
2191,Bella,,30.0,2026-08-25
2190,Ishaan,ishaan51@hotmail.com,28.0,2026-08-25
2206,Bella,bella99@hotmail.com,52,2026-08-26
2207,Yash,yash57@yahoo.com,67,2026-08-26
2208,Emma,,56,2026-08-26
2209,Aisha,aisha1hotmail.com,41,2026-08-26
2210,Aarav,aarav94@gmail.com,22,2026-08-26
2211,Emma,emma59@gmail.com,59,2026-08-26
2212,Sara,sara62@hotmail.com,59,2026-08-26
2213,Ananya,ananya54@proton.me,31,2026-08-26
2214,Arjun,arjun5@proton.me,49,2026-08-26
2215,Bella,,34,2026-08-26
2216,Jaya,jaya54@proton.me,36,2026-08-26
2217,Carlos,carlos26@proton.me,25,2026-08-26
2218,Farhan,farhan67@proton.me,19,2026-08-26
2216,Jaya,jaya54@proton.me,36,2026-08-26
2219,Vikram,vikram55@gmail.com,65.0,2026-08-27
2220,Rohan,rohan84@yahoo.com,27.0,2026-08-27
2221,Tanya,tanya80yahoo.com,18.0,2026-08-27
2222,Divya,divya85@yahoo.com,18.0,2026-08-27
2223,Kevin,kevin14outlook.com,,2026-08-27
2224,Priya,priya79@hotmail.com,68.0,2026-08-27
2225,Ananya,ananya28@hotmail.com,65.0,2026-08-27
2226,Vikram,vikram90@hotmail.com,47.0,2026-08-27
2227,Leila,leila99@yahoo.com,49.0,2026-08-27
2228,Priya,priya91@proton.me,42.0,2026-08-27
2229,Mia,mia92@gmail.com,67,2026-08-28
2230,Divya,divya35@hotmail.com,37,2026-08-28
2231,Grace,grace23@outlook.com,36,2026-08-28
2232,Priya,priya91@yahoo.com,19,2026-08-28
2233,Priya,priya27@gmail.com,62,2026-08-28
2234,Jaya,,56,2026-08-28
2235,Rahul,rahul22@proton.me,35,2026-08-28
2236,Quinn,quinn17@outlook.com,32,2026-08-28
2237,Wendy,wendy25@gmail.com,55,2026-08-28
2238,Emma,emma20@gmail.com,38,2026-08-28
2239,Xena,xena70@hotmail.com,53,2026-08-28
2240,Uma,uma78@proton.me,21,2026-08-28
2238,Emma,emma20@gmail.com,38,2026-08-28
2241,Ishaan,ishaan66@yahoo.com,59,2026-08-29
2242,Vikram,,61,2026-08-29
2243,Wendy,wendy83@hotmail.com,21,2026-08-29
2244,Yash,yash14@yahoo.com,59,2026-08-29
2245,Nikhil,nikhil61@outlook.com,27,2026-08-29
2246,Grace,grace16@yahoo.com,75,2026-08-29
2247,Rohan,rohan49@outlook.com,66,2026-08-29
2248,Arjun,arjun74@hotmail.com,54,2026-08-29
2249,Mia,mia58@proton.me,21,2026-08-29
2250,Harsh,harsh80@gmail.com,30,2026-08-29
2251,Yash,yash34@outlook.com,50,2026-08-29
2252,Mia,mia12@outlook.com,38,2026-08-29
2253,Harsh,harsh95@yahoo.com,66,2026-08-29
2254,Olivia,olivia63@gmail.com,29,2026-08-29
2255,Quinn,quinn55@gmail.com,27,2026-08-29
2256,Leila,leila52@gmail.com,54,2026-08-29
2243,Wendy,wendy83@hotmail.com,21,2026-08-29
2257,Rohan,rohan11@gmail.com,64.0,2026-08-30
2258,Grace,,19.0,2026-08-30
2259,Vikram,vikram58@hotmail.com,,2026-08-30
2260,Vikram,vikram18outlook.com,75.0,2026-08-30
2261,Jaya,jaya62@gmail.com,29.0,2026-08-30
2262,Olivia,olivia41@yahoo.com,61.0,2026-08-30
2263,Yash,yash43@gmail.com,47.0,2026-08-30
2264,Emma,,52.0,2026-08-30
2265,Xena,xena88@gmail.com,59.0,2026-08-30
2266,Ananya,ananya4@outlook.com,63.0,2026-08-30
2267,Rahul,rahul24@gmail.com,50.0,2026-08-30
2268,Divya,divya65@hotmail.com,33.0,2026-08-30
2269,Tanya,tanya24@outlook.com,42.0,2026-08-30
2270,Bella,bella46@gmail.com,18.0,2026-08-30
2271,Vikram,vikram9outlook.com,69.0,2026-08-30
2272,Arjun,arjun38@outlook.com,46.0,2026-08-30
2269,Tanya,tanya24@outlook.com,42.0,2026-08-30
2273,Grace,grace72@proton.me,37,2026-08-31
2274,Xena,xena52hotmail.com,23,2026-08-31
2275,Emma,emma28@proton.me,55,2026-08-31
2276,Nikhil,nikhil79@proton.me,75,2026-08-31
2277,Aisha,aisha16@hotmail.com,20,2026-08-31
2278,Priya,priya3@yahoo.com,24,2026-08-31
2279,Farhan,farhan84@outlook.com,50,2026-08-31
2280,Carlos,carlos70@yahoo.com,27,2026-08-31
2281,Xena,xena9@gmail.com,70,2026-08-31
2282,Olivia,olivia47@outlook.com,28,2026-08-31
2283,Leila,leila16@yahoo.com,74,2026-08-31
2284,Ishaan,ishaan91@hotmail.com,42,2026-08-31
2285,Vikram,vikram68proton.me,30,2026-08-31
2286,Olivia,olivia86@gmail.com,31,2026-08-31
2287,Ananya,ananya43@hotmail.com,45,2026-08-31
2288,Carlos,carlos79@yahoo.com,66,2026-08-31
2289,Uma,uma3@proton.me,54,2026-08-31
2290,Zara,zara69@yahoo.com,65,2026-08-31
2291,Nikhil,nikhil56@outlook.com,72,2026-08-31
2292,Wendy,wendy87@outlook.com,70,2026-08-31
2293,Harsh,harsh55@proton.me,,2026-09-01
2294,Vikram,vikram67@hotmail.com,59.0,2026-09-01
2295,Aisha,aisha58@proton.me,,2026-09-01
2296,Quinn,quinn61@proton.me,72.0,2026-09-01
2297,Priya,priya38@yahoo.com,64.0,2026-09-01
2298,Uma,uma78@yahoo.com,64.0,2026-09-01
2299,Tanya,tanya23@yahoo.com,59.0,2026-09-01
2300,Olivia,olivia41@outlook.com,46.0,2026-09-01
2301,Jaya,jaya18@gmail.com,64.0,2026-09-01
2302,Xena,xena13@yahoo.com,36.0,2026-09-01
2303,Quinn,quinn18@gmail.com,59.0,2026-09-01
2304,Ishaan,ishaan80@hotmail.com,25.0,2026-09-01
2305,Harsh,harsh22@gmail.com,64.0,2026-09-01
2306,Tanya,tanya52@gmail.com,41.0,2026-09-01
2294,Vikram,vikram67@hotmail.com,59.0,2026-09-01
2304,Ishaan,ishaan80@hotmail.com,25.0,2026-09-01
2306,Tanya,tanya52@gmail.com,41.0,2026-09-01
2307,Harsh,harsh19@outlook.com,55,2026-09-02
2308,Bella,bella82@yahoo.com,49,2026-09-02
2309,Leila,leila26@outlook.com,44,2026-09-02
2310,Nikhil,nikhil39@gmail.com,30,2026-09-02
2311,Emma,emma61@proton.me,62,2026-09-02
2312,Bella,bella27@proton.me,56,2026-09-02
2313,Nikhil,nikhil7@outlook.com,68,2026-09-02
2314,Rahul,rahul17@outlook.com,56,2026-09-02
2315,Jaya,jaya12@outlook.com,32,2026-09-02
2316,Divya,divya93@gmail.com,73,2026-09-02
2317,Leila,leila11@gmail.com,51,2026-09-02
2318,Bella,bella8@proton.me,59,2026-09-02
2319,Grace,grace76@gmail.com,31,2026-09-03
2320,Xena,xena58@proton.me,36,2026-09-03
2321,Ishaan,ishaan17@proton.me,66,2026-09-03
2322,Uma,uma46@outlook.com,47,2026-09-03
2323,Rohan,rohan36@gmail.com,70,2026-09-03
2324,Ananya,ananya48@gmail.com,53,2026-09-03
2325,Arjun,arjun59@yahoo.com,43,2026-09-03
2326,Carlos,carlos51@proton.me,54,2026-09-03
2327,Uma,uma23@gmail.com,47,2026-09-03
2328,Wendy,wendy91@yahoo.com,19,2026-09-03
2329,Kevin,kevin91@hotmail.com,73,2026-09-03
2330,Carlos,carlos86@hotmail.com,56,2026-09-03
2331,Carlos,carlos82@hotmail.com,31,2026-09-03
2332,Tanya,tanya56@yahoo.com,66,2026-09-03
2333,Rahul,rahul97@gmail.com,46,2026-09-03
2334,Divya,divya78@hotmail.com,38,2026-09-03
2335,Zara,,68,2026-09-04
2336,Tanya,tanya99@gmail.com,21,2026-09-04
2337,Quinn,,48,2026-09-04
2338,Xena,xena74@yahoo.com,31,2026-09-04
2339,Grace,grace65@gmail.com,23,2026-09-04
2340,Olivia,olivia63gmail.com,67,2026-09-04
2341,Arjun,arjun49@hotmail.com,29,2026-09-04
2342,Aarav,aarav27@hotmail.com,62,2026-09-04
2343,Wendy,wendy68@outlook.com,46,2026-09-04
2344,Zara,zara20@yahoo.com,38,2026-09-04
2345,Mia,mia83@outlook.com,69,2026-09-04
2346,Bella,,28,2026-09-04
2347,Nikhil,nikhil49@gmail.com,49,2026-09-04
2348,Carlos,carlos43@outlook.com,65,2026-09-04
2349,Zara,zara65@proton.me,45,2026-09-04
2350,Kevin,kevin66@gmail.com,71,2026-09-04
2338,Xena,xena74@yahoo.com,31,2026-09-04
2340,Olivia,olivia63gmail.com,67,2026-09-04
2351,Olivia,olivia57@outlook.com,29,2026-09-05
2352,Carlos,carlos45@yahoo.com,58,2026-09-05
2353,Emma,emma60@hotmail.com,48,2026-09-05
2354,Zara,zara24@gmail.com,39,2026-09-05
2355,Harsh,harsh8@proton.me,26,2026-09-05
2356,Quinn,quinn21@hotmail.com,25,2026-09-05
2357,Arjun,arjun2@gmail.com,36,2026-09-05
2358,Tanya,tanya40@proton.me,27,2026-09-05
2359,Vikram,vikram31@gmail.com,50,2026-09-05
2360,Jaya,jaya78@gmail.com,25,2026-09-05
2361,Priya,,60,2026-09-05
2362,Arjun,arjun94@hotmail.com,74,2026-09-05
2363,Aarav,aarav44@yahoo.com,54,2026-09-05
2364,Ananya,ananya47@hotmail.com,61,2026-09-05
2365,Divya,divya50@gmail.com,48,2026-09-05
2366,Priya,priya73@proton.me,70,2026-09-05
2367,Jaya,jaya8@hotmail.com,28,2026-09-05
2360,Jaya,jaya78@gmail.com,25,2026-09-05
2368,Zara,zara64@hotmail.com,65,2026-09-06
2369,Zara,zara45@yahoo.com,36,2026-09-06
2370,Vikram,vikram47@yahoo.com,62,2026-09-06
2371,Ananya,ananya66@hotmail.com,63,2026-09-06
2372,Zara,zara35@gmail.com,46,2026-09-06
2373,Tanya,,75,2026-09-06
2374,Zara,zara19@proton.me,44,2026-09-06
2375,Emma,emma10@hotmail.com,57,2026-09-06
2376,Zara,zara51@yahoo.com,31,2026-09-06
2377,Uma,,25,2026-09-06
2378,Kevin,kevin73@proton.me,73,2026-09-06
2379,Carlos,carlos42@outlook.com,33,2026-09-06
2380,Leila,,31,2026-09-06
2381,Harsh,harsh25@proton.me,42,2026-09-06
2382,Bella,bella44@proton.me,35,2026-09-06
